"last_name, first_name",player_id,year,slg_percent,on_base_percent,on_base_plus_slg,isolated_power,xslg,woba,xwoba,avg_swing_speed,fast_swing_rate,blasts_contact,blasts_swing,squared_up_contact,squared_up_swing,attack_angle,attack_direction,ideal_angle_rate,vertical_swing_path,exit_velocity_avg,sweet_spot_percent,barrel_batted_rate,solidcontact_percent,avg_best_speed,z_swing_percent,oz_swing_percent,oz_swing_miss_percent,oz_contact_percent,meatball_swing_percent,meatball_percent,iz_contact_percent,whiff_percent,swing_percent,pull_percent,straightaway_percent,opposite_percent,groundballs_percent,flyballs_percent,linedrives_percent,popups_percent
"Davis, J.D.",605204,2023,0.412,0.325,0.737,0.164,0.411,0.321,0.323,72.2,18.7,13.3,8.7,33.2,21.8,7.7,9.9,41.5,35.2,91.1,33.5,9.6,6.3,101.4370643,79.1,26.5,56.2,43.8,90.1,8.2,73.2,34,53.1,38.9,33.5,27.5,53.3,20.4,23.1,3.3
"Ozuna, Marcell",542303,2023,0.558,0.346,0.904,0.284,0.577,0.381,0.393,75,53.1,20.8,16,35.2,27.1,13,-1.4,51.6,36.7,91.8,34.9,16.6,6.5,103.2576732,69.8,29.7,46.4,53.6,84.8,6.7,82.9,26.7,48.4,42.5,30.9,26.6,39.9,32.4,21.9,5.8
"Torkelson, Spencer",679529,2023,0.446,0.313,0.759,0.213,0.484,0.326,0.349,75,50.3,17.7,13.7,29.8,23,11,-8.3,55.5,31.5,91.8,33.2,14.1,7,102.6919284,67.5,23.6,45.9,54.1,77.3,8.3,82.4,24.7,46.2,46.1,30.7,23.2,33.9,31.6,24.5,10
"Betts, Mookie",605141,2023,0.579,0.408,0.987,0.272,0.563,0.416,0.407,71.3,20.7,15.2,13.7,42.4,38.2,11.6,-6.5,56.3,36.3,92.4,42.5,12.4,11.2,100.8656747,60.3,16.6,46.1,53.9,74.2,7.2,91.8,16.7,38.1,45.4,35.3,19.3,27.6,35.7,29.3,7.5
"McMahon, Ryan",641857,2023,0.431,0.322,0.753,0.191,0.445,0.325,0.335,72.2,23.1,14.2,9.4,26.2,17.3,8.8,4.4,39.7,38.5,90.8,39.4,11.4,6.4,102.0177983,67.6,25.4,49.4,50.6,80.7,7.4,73.6,32.3,47.4,33.9,38.6,27.5,44.2,28.1,26.1,1.7
"Smith, Will",669257,2023,0.438,0.359,0.797,0.177,0.431,0.345,0.35,68.6,3,10.4,8.4,32.3,26.1,8.8,1.6,60.9,35.2,89.3,37.5,6.7,9.3,99.64565446,67.9,25,27.6,72.4,79.4,7.4,83.8,19.5,45.7,34.9,36.2,28.9,37.7,32.3,24,5.9
"Volpe, Anthony",683011,2023,0.383,0.283,0.666,0.174,0.392,0.29,0.305,70.9,9.1,10.5,8.2,30.3,23.5,12.5,-2.1,57.2,33.7,88.7,35.5,9,7.7,99.54617672,67.2,28.7,49.3,50.7,75.4,7.8,80.7,28.2,47.9,46.7,30.5,22.8,41.1,27.6,24.9,6.4
"Díaz, Elias",553869,2023,0.409,0.316,0.725,0.142,0.376,0.314,0.296,73.6,32.8,14,9.9,27.6,19.6,6.1,-3.8,41.9,31,88.1,31.2,6.2,4.3,100.0351075,76.5,36.2,45.5,54.5,81.3,8.1,81,28.4,54.8,40.3,38.2,21.5,46.5,19.9,25.3,8.3
"Nimmo, Brandon",607043,2023,0.466,0.363,0.829,0.192,0.453,0.359,0.352,72.7,27.1,17.9,14.7,36.9,30.2,5.5,0.8,45.1,28.4,91.8,33.5,9.5,6.4,101.50757,62.3,19.9,44.6,55.4,73,8.3,84.5,22,42.4,31,37,31.9,41.2,26.4,25.5,6.9
"Bellinger, Cody",641355,2023,0.525,0.356,0.881,0.218,0.434,0.37,0.327,70,6.4,11.7,9.8,37.5,31.1,12.7,-1.8,61.9,32.7,87.9,38,6.1,5.4,97.66154406,67.8,31,31.6,68.4,80.1,8.4,85,20.1,49.9,43.2,35.6,21.2,35.8,29.2,26.4,8.5
"Santana, Carlos",467793,2023,0.429,0.318,0.747,0.189,0.378,0.323,0.308,71.4,13.9,14.2,11.4,32.6,26.3,11.2,-4.5,61.2,26.4,88.8,31.3,6.7,4.7,99.367236,68.2,24,34.9,65.1,78.5,7.3,82.8,22.1,45.3,47.1,32.2,20.7,43.3,24.2,22.2,10.2
"Canha, Mark",592192,2023,0.4,0.355,0.755,0.138,0.381,0.333,0.323,67.8,3.5,8.8,7.5,34.5,29.4,12.6,-3.4,54.3,30.8,87.9,30.9,4.7,6.6,98.95960762,58.9,23.9,36.2,63.8,69.4,7.7,88.7,18.3,41.6,42.5,35.9,21.5,43.9,25.4,21.8,8.8
"LeMahieu, DJ",518934,2023,0.39,0.327,0.717,0.147,0.393,0.315,0.322,68.2,4.2,14.1,11.8,35.9,30,7.1,7,53.5,29.6,89.6,31.6,5.9,6.4,100.2653598,54.4,23.1,36.5,63.5,63.8,7.9,87,19.7,39.2,31.8,40.6,27.5,55.6,17.4,22.5,4.5
"India, Jonathan",663697,2023,0.407,0.338,0.745,0.163,0.424,0.327,0.339,71.3,25,12.3,9.5,33.1,25.6,10.3,-5.3,51.8,29.9,89.5,37.2,7.7,7.7,99.67693429,56.9,19.6,42.3,57.7,67.9,7.5,84.8,22,38.6,41.5,31.3,27.3,39.5,29.3,24.7,6.5
"Tovar, Ezequiel",678662,2023,0.408,0.287,0.695,0.155,0.386,0.298,0.291,71.9,21.4,12.6,8.6,29.2,20,9.2,-2.7,39.1,37.5,88,36.4,8.1,3.6,99.01944639,79.8,42,51.6,48.4,89,7.1,80.8,31.3,59.7,31.2,39.5,29.3,43.1,26.4,26.2,4.3
"Rodríguez, Julio",677594,2023,0.485,0.333,0.818,0.21,0.475,0.347,0.345,77.2,69.5,22.1,16.5,32.6,24.3,7.8,-4.6,49.3,33.4,92.7,31.8,11.9,7.3,104.0822877,72.1,37.4,48.6,51.4,78.9,7.6,83.3,28.3,53.9,39.5,36.6,23.9,47.6,24.5,23.3,4.6
"Devers, Rafael",646240,2023,0.5,0.351,0.851,0.229,0.539,0.359,0.38,73.4,34.2,21,15.9,32.2,24.3,9.7,0.5,62,26.9,93.1,30,12.7,8.5,104.4837058,77.1,32.5,30.7,69.3,82.5,6,76.2,26.1,52.6,35.9,39.8,24.3,42.7,28.4,20.6,8.3
"Lowe, Nathaniel",663993,2023,0.414,0.36,0.774,0.152,0.406,0.34,0.339,74.1,40.1,15.1,12.1,25.3,20.4,6.3,10.1,44.2,31.4,89.8,36.7,6.5,6.3,101.145952,67.2,20.8,41.4,58.6,78.6,7.2,85.9,20.6,43.8,28.4,41.9,29.7,48.2,20.2,26.7,5
"Varsho, Daulton",662139,2023,0.389,0.285,0.674,0.169,0.394,0.293,0.302,74.6,47.1,11.7,9,24.8,19,10.4,-4.2,56.9,29.4,87.8,34.3,7.3,7.3,99.85302751,70.6,28.1,45.2,54.8,80.7,7.2,82.9,24.7,50.1,48,30.6,21.5,35.9,31.1,21.5,11.6
"Nootbaar, Lars",663457,2023,0.418,0.367,0.785,0.157,0.436,0.344,0.356,72.2,23,11.8,10.3,36.6,32,9.1,-1.9,63.3,30.2,89.1,30.8,8.8,5.4,100.3342191,53.4,17.1,34.3,65.7,67.5,7.6,86.5,18.5,35.5,32,42.9,25.1,50.5,23,22.4,4.2
"Turner, Trea",607208,2023,0.459,0.32,0.779,0.193,0.447,0.333,0.33,72.4,27,16.4,11.8,35.8,25.6,12.4,-7.2,62,29.9,89.9,36.1,8.4,6.9,100.2923423,74.2,35.3,50.5,49.5,83.2,6.5,82.2,29.6,53.1,35.9,40.6,23.5,40.2,30.6,23.7,5.5
"Stephenson, Tyler",663886,2023,0.378,0.317,0.695,0.135,0.397,0.305,0.314,70.4,2.7,20.3,15.8,42.6,33.2,11.1,1.6,51,37.6,89.4,33.5,7.6,9.4,100.0307448,61.8,24.1,50,50,75,7,80.3,28.4,42.5,36.6,35.6,27.8,48.9,23.3,24.5,3.3
"Muncy, Max",571970,2023,0.475,0.333,0.808,0.263,0.504,0.344,0.364,71.3,14.9,14.5,10.8,34,25.2,15.9,-4.6,49.6,33.5,91.2,33.7,14.6,8.4,101.3153086,57.2,23.5,48.4,51.6,65.7,6.9,79.2,29.6,39.3,51.3,30.7,17.9,33.4,38.5,18.5,9.6
"Bohm, Alec",664761,2023,0.437,0.327,0.764,0.163,0.453,0.329,0.343,72,20.2,16.1,13.2,32.9,27.1,6.9,2.3,51.2,31.6,89.4,35.1,5.7,7,100.435445,68.9,30,32.8,67.2,75.8,7.9,88.1,18.1,49.8,28.3,42.1,29.6,42.6,23.8,28.5,5.1
"Bichette, Bo",666182,2023,0.475,0.339,0.814,0.169,0.497,0.349,0.359,70.1,15.9,14.8,11.4,31.1,24,4.7,4.3,36.5,38.8,90.2,38.3,9.6,6.1,101.7366819,77.1,36.4,38,62,85.6,8.4,87,21.1,56.6,25.8,33.7,40.5,46.4,18.8,30.9,3.9
"Cronenworth, Jake",630105,2023,0.378,0.312,0.69,0.149,0.37,0.301,0.305,68.3,4.2,10.2,8.9,31,27,5.8,2.5,33.5,32.6,87.4,35.7,4.4,8.4,97.73147257,67.1,26.4,34.1,65.9,67.5,7.6,90.6,16,47.6,35.4,37.3,27.2,37.6,29.2,26.2,7.1
"Vierling, Matt",663837,2023,0.388,0.329,0.717,0.127,0.396,0.315,0.322,71.3,12.6,16.3,13.1,29.1,23.4,4.5,1.5,41,30.4,89.1,32.2,4.6,5.1,100.5773311,59.1,28.5,33.4,66.6,72,7.7,86.8,19.4,44.3,32,34.4,33.6,49.1,20.3,23.8,6.8
"Bell, Josh",605137,2023,0.419,0.325,0.744,0.172,0.453,0.323,0.342,72.3,29.3,15.4,11.9,31.1,24,9.2,-0.3,59,33.9,90.1,31.3,10.1,5.3,101.6111868,70.8,27.8,44.8,55.2,81.5,6.2,82.8,25.8,47.7,43.5,31.7,24.8,48.8,26,21.4,3.8
"Tatis Jr., Fernando",665487,2023,0.449,0.322,0.771,0.192,0.508,0.332,0.364,73,30.3,18.2,12.8,35.6,25,11.9,-0.5,63.7,30.5,91.9,31.5,11,7.8,102.9412863,78.7,32.3,47.9,52.1,93,7.3,77.5,30.5,54.1,39.5,42.7,17.8,47.7,25.1,21.2,5.9
"Marte, Ketel",606466,2023,0.485,0.358,0.843,0.209,0.427,0.361,0.342,73.1,33.9,17.4,13.8,31.6,25.1,8,-7.4,52.3,32.8,91.1,30.8,8,6,101.5854033,67.2,24.5,37.7,62.3,75.7,7.3,85.9,20.5,45.5,42.2,37.6,20.2,45.8,25.2,23,6
"Bregman, Alex",608324,2023,0.441,0.363,0.804,0.179,0.43,0.351,0.351,70.2,5.5,12.8,11.5,43.3,38.9,12.1,-0.9,68.2,28.8,88.6,35.8,5.4,10.1,98.07153773,61.1,18.6,30,70,73.3,7,91.3,14.1,38.7,40.8,37.1,22.2,35.4,31.1,25,8.6
"Arraez, Luis",650333,2023,0.469,0.393,0.862,0.115,0.458,0.369,0.354,63.8,0.2,7.2,6.6,49.2,45.2,7.4,5.9,49.6,38.5,88.3,44.7,3.5,3.7,95.65890066,68.6,31.8,12.8,87.2,77.2,8.9,94.2,7.9,51,26.8,41.2,32,42.8,24.1,31.3,1.8
"Freeman, Freddie",518692,2023,0.567,0.41,0.977,0.236,0.562,0.411,0.406,70.5,11.4,13.5,11.3,30.2,25.2,7.5,2.3,41,43.7,90,46.6,11.1,8.8,100.5906383,76.1,26.9,36.9,63.1,91.5,6.9,85.7,20.4,51,35.3,36.5,28.2,35.9,29.6,30.9,3.6
"Yoshida, Masataka",807799,2023,0.445,0.338,0.783,0.156,0.425,0.339,0.325,71.4,19.6,13.7,11.4,39.8,33.2,5.9,0.5,40.1,31,89,29.5,6.6,3.9,100.1238132,58.6,27.3,29,71,68.6,8.6,86.5,18.3,43.3,35.4,35.2,29.5,55,19.4,21.4,4.1
"Merrifield, Whit",593160,2023,0.382,0.318,0.7,0.11,0.335,0.304,0.276,64.8,1.2,4.9,4,35.7,29.1,11.5,-2.1,50.5,33.4,85.1,37.2,2.4,5.3,94.8808358,69.8,32.5,30.2,69.8,74.1,8.8,85.5,19.5,51.1,31.4,40.5,28.1,40.5,25.7,26.1,7.7
"Straw, Myles",664702,2023,0.297,0.301,0.598,0.059,0.3,0.268,0.272,66.1,1,2.8,2.4,36.7,31.9,2.1,4.4,32.6,33.8,86.3,34,0.5,2.4,95.14136829,60,23.9,22.4,77.6,75.1,9.7,88.5,14.1,44,23.9,40.3,35.8,48.5,20.7,25.5,5.3
"Harris II, Michael",671739,2023,0.477,0.331,0.808,0.184,0.49,0.345,0.357,73.7,33.7,23.6,18.3,35.3,27.5,5.6,0.8,44.6,29.4,90.9,34.6,10,5.9,103.5867895,68.2,38.1,35.8,64.2,75.5,7.5,82.2,24.4,52.9,33.3,38.7,27.9,48,17.4,28.2,6.4
"Anderson, Tim",641313,2023,0.296,0.286,0.582,0.051,0.335,0.26,0.279,68.8,3.1,11.1,8.7,27.9,21.9,8.9,5.6,44.7,40.8,87.8,32.4,2.9,5.9,99.22965129,71.5,35.3,40.9,59.1,76.7,8.4,82.3,25.3,53.5,29.5,42.9,27.6,61.4,10.7,26.8,1.1
"Robert Jr., Luis",673357,2023,0.542,0.315,0.857,0.278,0.518,0.358,0.35,75.9,62.6,15.2,10.7,24.5,17.2,11.9,-6.2,51.9,35.2,89.1,38,15.4,5.6,101.8444782,78.1,40.5,54.3,45.7,90.3,6.6,78.6,33.5,58.3,45.2,30.9,23.9,36.4,30.3,24.7,8.5
"De La Cruz, Bryan",650559,2023,0.411,0.304,0.715,0.154,0.445,0.309,0.331,72.2,23.7,16.8,12.4,32.9,24.4,12.6,-0.5,55.1,38.1,89.9,41,8.8,7.2,100.2725271,68.2,34.3,40.6,59.4,78.4,6.8,78.3,28.7,50.1,34.4,38.9,26.7,40.7,24.9,29.4,5
"Abrams, CJ",682928,2023,0.412,0.3,0.712,0.167,0.399,0.306,0.304,71.5,20.2,14.1,11.3,31,24.8,9.9,0.4,52,28.4,87.4,32.6,6.9,7.5,98.81493324,71.9,35.1,36.2,63.8,79.7,8,84.3,22.5,53.5,35.9,39.9,24.2,44.8,25.1,20.6,9.5
"Meneses, Joey",608841,2023,0.401,0.321,0.722,0.126,0.361,0.314,0.288,69.7,11.5,13.8,10.8,41.1,32.3,7.6,-0.4,45.4,35.2,89.4,32.9,5.4,5,99.92936409,64.7,31.5,42,58,71.8,7.4,85.8,23.6,47.6,39.5,33.1,27.5,48.1,19.2,25.8,6.8
"Castellanos, Nick",592206,2023,0.476,0.311,0.787,0.204,0.443,0.335,0.32,72.4,28.3,13.8,9.2,32.3,21.6,15.6,-7,47.7,39.9,88.9,36.5,10.3,7.4,100.3894813,74.6,41,55.4,44.6,86.7,6.2,77.9,35.4,56.2,46.5,30.6,22.8,41.8,28.9,24.4,4.9
"Friedl, TJ",670770,2023,0.467,0.352,0.819,0.188,0.321,0.353,0.289,68.6,3.6,8.6,6.9,35.4,28.3,8.4,-9.6,57.9,28.5,86.7,32,3.2,2.2,96.36873995,59,24.6,35.8,64.2,68.7,8.2,88.6,18.4,42.2,42.3,36.7,21,42.8,25.9,22,9.3
"Albies, Ozzie",645277,2023,0.513,0.336,0.849,0.233,0.467,0.358,0.34,70,10.8,11.2,9.2,30.8,25.2,13.7,-6.8,60.6,34.3,88.7,37.4,8.2,10.5,98.66761557,77.8,35.1,34.1,65.9,88.2,6.3,86.6,20.6,54.6,51.7,31.6,16.7,36.8,33.8,23.7,5.6
"Acuña Jr., Ronald",660670,2023,0.596,0.416,1.012,0.259,0.66,0.428,0.46,77.3,69.9,25.7,21.6,35.4,29.7,6.8,5.2,48.4,34.6,94.7,33.6,15.3,9.1,106.3686896,70.7,22.6,31.8,68.2,83.7,7.3,85.6,18.7,46.2,37,40,23,48.8,22.4,26.2,2.7
"Giménez, Andrés",665926,2023,0.399,0.314,0.713,0.148,0.367,0.309,0.297,68.8,5.8,9.8,7.5,30.1,23,10.6,-1.1,49.7,32.3,84.8,29.9,5.5,4.2,96.66393413,71,40,36.5,63.5,76.8,7.2,81.6,25.4,54.6,40,36.1,23.9,46.7,22.1,21.9,9.3
"Hays, Austin",669720,2023,0.444,0.325,0.769,0.169,0.42,0.33,0.309,71.7,13.9,12.5,9.1,29,21.2,11.5,-1.5,60.3,28.6,89.4,31,8.9,7.6,100.4627877,63.8,30.9,49.1,50.9,72,7.6,82.6,28.4,46.6,37,38.5,24.5,44.8,29.7,20.3,5.2
"McKinstry, Zach",656716,2023,0.351,0.302,0.653,0.12,0.395,0.289,0.312,67.9,3.4,6.1,4.8,31.9,25.1,12.3,-0.4,40.5,38.4,87.2,37.1,7.6,5.9,97.72667824,68.1,27.1,40.3,59.7,75.5,7.8,88.1,20.5,47.3,30.6,40.4,28.9,35.7,34,26.1,4.2
"Seager, Corey",608369,2023,0.623,0.39,1.013,0.296,0.608,0.419,0.409,71.8,17.1,18.2,13.3,39,28.6,14.1,-2.8,53.1,33.7,93.3,38,15.2,11.4,103.5434935,83.6,28.1,56,44,95.9,6.6,85.9,25,55.1,39,37,24.1,40.3,29.4,27.1,3.3
"Swanson, Dansby",621020,2023,0.416,0.328,0.744,0.172,0.458,0.325,0.345,71.5,9.1,11.7,8.7,31.2,23,14.4,-1.5,59.6,35.8,89.3,35.1,10.9,7.3,99.81740922,71.3,23.6,43.6,56.4,79.8,7,76.4,28.7,47.3,42.9,37,20.1,44.1,25.2,24.2,6.5
"Stott, Bryson",681082,2023,0.419,0.329,0.748,0.139,0.386,0.323,0.309,67.9,0.7,9.8,8.5,38.8,33.9,6.2,6.6,48.8,32.2,88.1,36.4,4.7,5.3,97.37913616,59.1,29.5,23.9,76.1,65.6,7.8,88.7,15.3,45,31.4,35.4,33.2,47.4,23.1,25.3,4.3
"Ohtani, Shohei",660271,2023,0.654,0.412,1.066,0.35,0.637,0.433,0.427,77.4,73.9,22.9,15.5,29.4,19.9,12.6,-2,50.6,35.3,94.4,35.6,19.6,6.4,105.7485591,70.5,29.7,48.5,51.5,73.9,6.6,76,32.3,48.2,37,37.8,25.2,42.6,30.3,22.7,4.5
"Ruiz, Keibert",660688,2023,0.409,0.308,0.717,0.149,0.425,0.31,0.322,66.4,2.3,5.7,4.8,37.5,31.9,9.7,-10.2,58.7,32.9,87.4,39.4,5.8,4.9,97.26373318,66.6,36.5,25.1,74.9,74,6.7,92,14.3,51.1,45.2,36.2,18.6,38.8,24.6,26.1,10.5
"Ramírez, José",608070,2023,0.475,0.356,0.831,0.193,0.48,0.346,0.359,70.5,13,15.6,13.6,40,34.8,7.7,-7.5,53.1,28.6,90,36.8,7,6.3,100.07775,67.2,28.2,30.2,69.8,71.3,7.7,91.2,15.6,46.6,49.6,30.5,19.9,34.9,28.5,26.3,10.3
"Outman, James",681546,2023,0.437,0.353,0.79,0.189,0.396,0.344,0.325,73.4,33.6,11.7,8.2,23.2,16.1,11.3,-2.4,46.4,35.3,87.9,38.2,11.1,3.9,99.96215915,68.6,25.3,61.3,38.7,82.6,8.1,73.3,36.6,46,45.8,32.4,21.9,39.2,30.4,23.2,7.2
"Melendez, MJ",669004,2023,0.398,0.316,0.714,0.163,0.432,0.31,0.325,72.1,21.4,18,12.8,38.2,27.2,14.3,1.3,48.8,32.1,93.2,34.6,11.4,8.2,101.4349502,69.3,26.8,52.1,47.9,86.7,7.4,72.6,34.4,47.9,42,37.1,21,35.4,34.6,25.3,4.6
"Arcia, Orlando",606115,2023,0.42,0.321,0.741,0.156,0.398,0.321,0.307,71.1,20.6,14.4,11.4,32.9,26.1,7.5,-3.9,60.9,26.8,88.2,30.6,6.9,4.6,99.18921793,65.4,26.4,41.2,58.8,75.7,8.1,82.3,24.3,46.2,39.8,35.5,24.7,53.5,20.8,19.5,6.2
"Benintendi, Andrew",643217,2023,0.356,0.326,0.682,0.094,0.375,0.299,0.31,67,2.3,8.4,6.8,39,31.5,10.9,6.7,56.8,34.8,86.6,40.9,2.9,3.4,95.49807521,70.4,26.6,28.4,71.6,76.7,8,84,19.3,49,29.8,41.3,28.9,39.6,26.6,28.5,5.2
"Torres, Gleyber",650402,2023,0.453,0.347,0.8,0.18,0.478,0.346,0.362,71.7,22.7,18.6,15,38,30.6,11,2.3,57.2,34.4,89.7,37.3,7.9,7.5,99.649801,68.9,25.9,35.4,64.6,76.5,7.6,83.7,21.8,46.8,33.9,39.3,26.6,38.9,30.6,24.8,5.6
"Soler, Jorge",624585,2023,0.512,0.341,0.853,0.262,0.532,0.361,0.374,75.8,61.8,19.8,14.9,30.6,23,10.1,-5.8,58.7,34.1,91.3,36.5,15,10.4,103.0539565,66.7,25.6,44.9,55.1,79.6,6.3,80.5,27.6,44.1,46.6,35.7,17.7,36.2,31.6,24,8.2
"Jung, Josh",673962,2023,0.467,0.315,0.782,0.201,0.482,0.334,0.337,71.2,13.1,16,10.7,32.5,21.7,12.4,1.9,45.7,38.9,91.8,41.9,11.9,7.9,101.6205261,72.7,32.9,47.9,52.1,77.4,7.4,79.4,29.7,51.8,36.8,39.2,24,37.4,29.5,29.5,3.6
"Arenado, Nolan",571448,2023,0.459,0.315,0.774,0.193,0.435,0.327,0.32,71.4,15.5,12.7,10.9,31.7,27.2,12,-5.7,54.2,34.5,88.8,33,7.3,6,99.31142786,65.5,34.1,35.9,64.1,73.4,7.4,89.4,20.2,48.5,46.9,32.1,21,38.8,25.7,24,11.6
"Arozarena, Randy",668227,2023,0.425,0.364,0.789,0.171,0.431,0.347,0.348,72.9,31.8,16.6,12.1,32.5,23.8,10.3,1,65.7,25.6,91.7,31.8,12.3,7.8,102.0552117,61,27.5,40,60,72.9,6.8,76.5,29.1,43,33.8,43.5,22.8,43.3,25.3,23.3,8.3
"Alonso, Pete",624413,2023,0.504,0.318,0.822,0.287,0.527,0.346,0.368,75.7,56,16.6,12.5,25.4,19,13.4,-7.8,55,31.5,89.5,32.3,14.7,6.4,102.3421345,61.9,27.4,43.1,56.9,67.2,6.8,82.1,26.2,43.7,43.7,32.8,23.5,36.3,35.4,19,9.3
"Suárez, Eugenio",553993,2023,0.391,0.323,0.714,0.159,0.419,0.313,0.324,72.3,22.3,12.8,8.7,30.6,20.8,17.8,-0.6,52.1,38.2,90.3,37.7,13.2,6.8,100.6611155,65.7,23.6,55.5,44.5,77.4,8.4,75.4,32.8,44.5,46.3,32.7,21,34.2,34.4,25.1,6.3
"Bogaerts, Xander",593428,2023,0.44,0.35,0.79,0.155,0.401,0.343,0.318,70.4,15.4,12.4,10.2,38,31.2,9.4,-4.6,53,32.6,87.6,28.3,6.1,4.5,98.4761498,59.1,25.2,36.7,63.3,63.7,8.1,86.2,20.4,42.6,36.6,34.6,28.9,49.8,22.6,21.1,6.5
"Hayes, Ke'Bryan",663647,2023,0.453,0.309,0.762,0.182,0.436,0.324,0.321,72.3,20.9,21.1,16.2,42.5,32.7,6.2,-2.4,44.2,28.7,92.2,34.1,7.4,9.9,101.6732636,61,30.7,41.2,58.8,73.3,7.6,89.3,21.2,45.6,27,41.7,31.3,42,26.2,24.9,6.9
"Vaughn, Andrew",683734,2023,0.429,0.314,0.743,0.171,0.427,0.321,0.319,70.2,10.4,18.3,14.6,34.4,27.5,9.7,-5.3,57.3,29.4,90.6,30.3,8.4,7.3,101.661403,64.8,31.7,44,56,70.2,6.9,86.6,24.1,47.5,37.4,35.1,27.6,44.4,23.7,24.4,7.5
"Suwinski, Jack",669261,2023,0.454,0.339,0.793,0.23,0.461,0.341,0.346,73.7,35.7,10.3,7.4,24,17.3,11.4,-4.8,49.2,34.3,90.5,34.2,15.7,7.5,102.1733771,61.1,18.2,55.1,44.9,75,6.8,77.8,30.1,39,40.2,36.7,23.1,28.1,36.3,23.1,12.5
"Báez, Javier",595879,2023,0.325,0.267,0.592,0.103,0.355,0.261,0.279,74.1,45,17.8,12.1,29,19.8,10.3,-1.5,53.7,29.1,88,28.9,5.2,7,100.1963778,68.2,44,46.5,53.5,65,6.3,78.3,32.7,54.8,37.4,38.1,24.5,50.5,23.5,21.4,4.6
"Springer, George",543807,2023,0.405,0.327,0.732,0.147,0.422,0.32,0.332,72.7,24.4,11.6,9.1,26.6,20.9,10,-0.9,52.5,31.7,88.3,32.2,7.7,6.5,100.348511,73.3,23.1,44.8,55.2,87.3,7.8,84.2,22.3,49.3,37.5,38.1,24.4,44.8,25.9,22.4,6.9
"Renfroe, Hunter",592669,2023,0.416,0.297,0.713,0.183,0.366,0.308,0.289,74.7,48.7,9.4,7.1,24.2,18.2,8.7,-9.5,58.1,26.9,88.3,29.5,6.1,6.9,100.508779,70.6,33.5,42.3,57.7,82.8,6.4,81.9,26.4,50.8,48.7,33.2,18.1,42.8,25.3,21.8,10.1
"Suzuki, Seiya",673548,2023,0.485,0.357,0.842,0.2,0.469,0.358,0.357,72.4,30.8,19.2,15.4,35.9,28.8,4.7,1.4,41.7,31.5,91.4,36.5,10.5,8.2,102.1570611,60.5,19.8,39.3,60.7,73.2,7.9,84.2,21.3,40.9,37,41.3,21.7,43.6,24,28.6,3.8
"Estrada, Thairo",642731,2023,0.416,0.315,0.731,0.145,0.371,0.316,0.292,70.3,13.2,12.1,9.7,34.4,27.8,10.2,-4.4,51.9,31.8,85.9,34.7,4.8,3.7,97.89813957,67.3,38,38.3,61.7,73.4,6.4,89.3,21.5,51.7,44.3,32.9,22.8,45.4,22.3,25.5,6.9
"Rooker, Brent",667670,2023,0.488,0.329,0.817,0.242,0.478,0.348,0.343,73.6,33.5,19.4,13.1,32.9,22.3,12.8,-4,43.4,37.4,91.6,37.3,15.6,7.1,102.6538914,66.1,27.3,64.5,35.5,73.1,7.2,73.4,38.2,46.1,35.3,40,24.7,33.2,36.9,24.7,5.1
"Santander, Anthony",623993,2023,0.472,0.325,0.797,0.215,0.426,0.34,0.319,72.9,31.5,17.1,13.7,28.7,23,7.2,-5.1,46.9,27.7,90.6,33,10.2,8.4,101.7320134,66.9,34.4,32.4,67.6,72.2,6.4,82.1,23.5,49,46,33,21,35,32.5,19.6,12.9
"Riley, Austin",663586,2023,0.516,0.345,0.861,0.235,0.516,0.363,0.365,76.3,65.5,18.9,13.7,30.2,21.9,9.7,-2.7,47.9,33.9,92.3,35.2,13.9,7.8,103.3842518,69.9,27.3,44.6,55.4,76.9,7.6,79.1,27.8,48.2,38.7,37.9,23.4,41.1,28.6,23.8,6.5
"Soto, Juan",665742,2023,0.519,0.41,0.929,0.244,0.536,0.395,0.407,74.6,48.2,23.7,20,38,32.2,9.3,4.3,57.3,26.6,93.2,28.5,13,7.6,104.4843504,57.8,16.6,39.8,60.2,73.8,7,85.8,20.5,35.8,35.5,43.1,21.3,51.9,25.2,18.9,4
"Guerrero Jr., Vladimir",665489,2023,0.444,0.345,0.789,0.18,0.501,0.34,0.378,75.5,52.3,18.6,14.6,30.5,23.9,1.9,-5.6,29.3,27.5,92.1,32.4,11.1,6.1,104.050993,74.2,28.8,41.1,58.9,78,7.2,84.7,23,50.6,38.3,39.9,21.7,45.3,21.7,26.1,6.9
"Abreu, José",547989,2023,0.383,0.296,0.679,0.146,0.409,0.295,0.314,74,41.7,16.2,11.8,28.2,20.5,7.9,-0.3,47.9,32.4,89,32.5,8.7,4.6,100.8218336,65.2,36.3,40.5,59.5,73.3,6.7,82.1,26.4,50.1,32.7,39.4,27.9,45,21.9,26,7.2
"García, Adolis",666969,2023,0.508,0.328,0.836,0.263,0.526,0.354,0.366,73.6,38.4,15.1,9.9,26.9,17.7,12,-1.5,60.1,31.2,92.1,36,16.1,8.5,102.9495395,71.5,29.3,48.3,51.7,79,7.6,76.5,31.6,48.6,39.6,35.5,24.9,37.8,36,20.5,5.7
"Drury, Brandon",592273,2023,0.497,0.306,0.803,0.235,0.44,0.339,0.318,71.7,17.2,19.9,14.3,32.5,23.3,9.5,-1.3,56.9,31,89.9,35,11,7.6,101.8087527,69.2,34.9,49,51,82.1,7.1,79.8,30.2,51.6,39.3,35.6,25.1,42.7,26.3,24.6,6.5
"Profar, Jurickson",595777,2023,0.368,0.321,0.689,0.126,0.349,0.304,0.306,71.1,19.8,11.3,9.3,34.8,28.7,8.9,-1.1,50.6,32.3,86.5,37.7,4,5.1,97.18982877,68.8,25.1,41.6,58.4,82.6,7.1,87.7,20,47.2,41.2,36.9,21.9,40.1,24.1,26.7,9.1
"Steer, Spencer",668715,2023,0.464,0.356,0.82,0.193,0.417,0.355,0.333,71.5,11.7,11.1,8.6,29.7,23,10.5,-6,52.6,29.7,88.7,35.3,6.7,6.5,99.16756743,63.1,23.9,43,57,73.5,8.2,82.8,24.1,43.8,40.5,33.8,25.7,38,27.5,24.6,9.8
"Casas, Triston",671213,2023,0.49,0.367,0.857,0.227,0.5,0.367,0.37,75.8,61.4,18.8,13.7,28.5,20.7,13.5,-2.2,51.1,38.3,91.1,36.1,13.1,7.5,102.6166923,66.5,22.1,43.6,56.4,80.8,7.1,77.3,28.1,43.6,40,39,21,36.4,31.5,25.6,6.6
"Díaz, Yandy",650490,2023,0.522,0.41,0.932,0.192,0.487,0.402,0.383,73.8,41.2,21.2,17.8,35.8,30,4.4,5.8,44.5,25.9,93.4,30.5,9.5,6.5,104.2851777,65.5,19.7,39.9,60.1,80.3,8.8,88.1,18.4,42.6,27.7,44.3,27.9,52.2,20.8,23.8,3.2
"Semien, Marcus",543760,2023,0.478,0.348,0.826,0.202,0.427,0.354,0.333,68.7,5,10.2,8.6,37.1,31.5,13.9,-4.3,60.2,33.4,88.4,37.5,6.5,6.9,98.08417844,72.9,21.4,40,60,85.6,7.4,88.4,18,47.1,46.9,32.9,20.2,34,35.4,23.5,7.1
"Lindor, Francisco",596019,2023,0.47,0.336,0.806,0.216,0.457,0.346,0.346,71,14.7,14.8,11.8,35.4,28.3,10.8,-4.9,59,32.3,91.2,35.8,10.4,7.2,100.8212813,70.3,27.2,38.8,61.2,76.5,7.4,83.9,22.8,48,44.7,35.4,19.9,34.1,31.4,24.2,10.4
"Happ, Ian",664023,2023,0.431,0.36,0.791,0.183,0.427,0.345,0.35,71.8,19.5,13.1,10.2,34.7,27,9.7,-1,46.5,31.7,89.9,36.7,9,5.5,99.67693633,66.9,22.9,44.9,55.1,80.6,6.5,81.7,25.3,44.4,37.2,36.7,26.1,41.8,25.6,25.6,6.9
"Olson, Matt",621566,2023,0.604,0.389,0.993,0.321,0.558,0.413,0.392,74.8,49.7,17.1,13.2,30,23,8.3,-0.5,47.7,35.4,93.7,31,16.4,9.2,104.8252768,71.5,26,37.6,62.4,81.4,7,75.6,28.4,46.8,36,40.2,23.8,38.7,34.4,20.9,6.1
"Rosario, Eddie",592696,2023,0.45,0.305,0.755,0.195,0.436,0.322,0.317,70.4,11.5,11.9,8.5,34,24.2,12.1,-0.5,59.1,31.5,88.6,35.9,9.5,5.6,98.60055257,73.6,43.5,39.8,60.2,79,6.2,77.2,29.8,57.4,42.3,39,18.7,39.8,28.4,25.6,6.1
"Walker, Christian",572233,2023,0.497,0.333,0.83,0.239,0.46,0.351,0.339,75,49.7,15.1,11,26.6,19.4,8.2,-4.7,46.4,30.8,88,32.6,11.4,6,100.6012814,71.3,26.1,46.7,53.3,77.6,7.7,81.1,26.4,48.6,40.6,35,24.4,38.7,32.6,19.4,9.3
"Rosario, Amed",642708,2023,0.378,0.305,0.683,0.115,0.38,0.297,0.305,71.2,15.3,12.1,9.6,31.4,24.9,4.1,-1.3,37.9,28.8,88.3,33.8,3.4,5.8,99.50158271,69.2,39.4,36.8,63.2,75,6.7,85.7,23.1,53.4,30.4,40.6,29,48.1,18.1,27.1,6.8
"Smith, Dominic",642086,2023,0.366,0.326,0.692,0.112,0.397,0.306,0.32,68.6,5.8,12.7,10.4,37.1,30.4,11.6,-3.3,57.1,34.3,86.3,37,6.6,3.7,97.22508872,68.7,30.3,33.2,66.8,75.9,6.4,86.2,19.9,49,36.1,38.6,25.3,42.7,25.8,26.3,5.3
"Paredes, Isaac",670623,2023,0.488,0.352,0.84,0.238,0.369,0.362,0.315,68.1,4.5,7.2,6,32.2,26.8,15.7,-17,57.1,33,86.9,32.4,5.9,5.9,96.37268387,66,28.3,33,67,71.7,6.7,89.2,18.2,45.6,52.7,28,19.3,31.6,28.5,24.9,14.9
"Grisham, Trent",663757,2023,0.352,0.315,0.667,0.154,0.393,0.299,0.32,70.5,8.3,14.3,10.9,32.5,24.7,17.8,3.2,49.7,32.7,90.3,32.8,11.9,7.5,100.7019274,60.3,21.6,46.5,53.5,79.1,7.8,77.9,28.3,41.6,43.8,33.8,22.5,38.1,28.1,23.8,10
"Reynolds, Bryan",668804,2023,0.46,0.33,0.79,0.197,0.49,0.338,0.36,70.2,10.8,14.4,10.5,36.8,26.8,13.1,0.7,47,38.5,90.9,36.9,11.1,6.6,101.0228343,73.1,25.8,52.7,47.3,86.7,6.9,82.1,28.2,47.4,37.8,34.8,27.4,44.1,28.7,24,3.2
"Chapman, Matt",656305,2023,0.424,0.33,0.754,0.184,0.457,0.328,0.337,75.5,56.7,16.7,11.6,31.3,21.8,8.8,-3.3,63.6,27.5,93.4,32.4,17.1,7.8,103.5396399,66.6,18.9,45.6,54.4,78.5,8.2,72.8,31.1,43.3,36.7,37.9,25.4,35,30.6,23.1,11.3
"Burger, Jake",669394,2023,0.518,0.309,0.827,0.268,0.512,0.349,0.359,76,64.6,23.5,16.4,32.6,22.7,9.3,-8.4,59.5,24.3,91.9,33.4,16.7,6.9,105.0097259,70.8,38.5,55.5,44.5,82.5,7,78.5,34.1,54,45.8,36.3,17.9,42.9,21.9,25.1,10.1
"Taveras, Leody",665750,2023,0.421,0.312,0.733,0.155,0.407,0.316,0.319,71.3,15,16.8,12.9,36.4,27.9,4.4,-2.5,36.4,31.6,90.1,35.2,7.2,5.5,100.5928176,70.9,28.2,44.5,55.5,85.2,7.4,84,24.2,49.4,28.7,42.1,29.2,45.9,22.7,26.4,5
"Raleigh, Cal",663728,2023,0.456,0.306,0.762,0.224,0.466,0.326,0.33,75,50.1,13.4,9.6,27,19.4,16.4,-7.5,50.1,31.1,89.5,36.5,12.6,7,101.0282714,70.9,31.4,47,53,78.8,6.8,78.8,29.9,49.7,50.8,29.2,19.9,31.7,35.1,22.2,11
"Adames, Willy",642715,2023,0.407,0.31,0.717,0.19,0.436,0.311,0.335,72.5,24.2,12.2,8.7,28,20,16.1,-4.3,47.5,34.3,87.4,35,12.4,4.1,99.08636564,71.5,31.8,50.6,49.4,78.1,7.4,79.3,31,50,45.2,36.3,18.5,36.3,31.5,22.3,9.9
"Hoerner, Nico",663538,2023,0.383,0.346,0.729,0.1,0.356,0.322,0.311,68.8,2.6,10.4,9.2,39.9,35.4,4.8,-0.5,43.4,32.8,86.6,33.2,1.8,4.2,97.32047285,60.5,30.5,24,76,63.2,8.2,93.2,12.5,45.6,30.6,40.6,28.8,47.2,20.3,25.5,7
"Harper, Bryce",547180,2023,0.499,0.401,0.9,0.206,0.53,0.384,0.399,75.5,55,24.9,17.3,34.2,23.8,12,0,45,36,91.8,36.8,15.2,6.7,103.8398129,77.9,33.4,53,47,91.2,6.2,78.8,33.5,51.4,36.5,37.7,25.7,45.3,22.8,27.2,4.7
"Contreras, William",661388,2023,0.457,0.367,0.824,0.168,0.433,0.357,0.335,73.8,45,22.5,16.2,38.2,27.4,9.7,2.2,64.4,27.5,91.3,27.1,9.4,6.2,103.2413294,62.6,24.7,44.6,55.4,73.1,8,79,28,43.2,32.6,39.6,27.8,55.4,20.4,19.9,4.3
"Gurriel Jr., Lourdes",666971,2023,0.463,0.309,0.772,0.202,0.439,0.329,0.324,69.9,4.8,16,13.3,41.1,34.2,8.6,-1.2,48.9,34.9,89.7,35.3,8.4,6.9,99.85921213,67.5,30.3,34.2,65.8,76.8,7.6,88.2,18.7,49.1,39.1,34.2,26.7,43.3,24.4,26.7,5.6
"Peña, Jeremy",665161,2023,0.381,0.324,0.705,0.118,0.376,0.31,0.31,71.7,16,14.2,10.3,32.8,23.9,10.8,-2.9,49.2,33.3,88,32.4,4,5.3,99.1435248,73.2,35.9,55.1,44.9,79.2,6.9,86.7,28.4,53.2,41.8,35.6,22.7,54.4,18.9,22.9,3.8
"Candelario, Jeimer",600869,2023,0.471,0.336,0.807,0.22,0.407,0.346,0.318,69.3,6.8,10.2,8,31.5,24.6,12,-2.1,50.5,35,88.3,36.9,7.9,7.3,99.185208,68.1,28.3,42.3,57.7,76.6,5.9,83.9,24.2,47.4,42.9,34.6,22.5,39.8,28,25.1,7.1
"Tucker, Kyle",663656,2023,0.517,0.369,0.886,0.233,0.53,0.372,0.386,71.9,22.6,17.5,14.5,36,29.9,10.9,-8.7,46.5,37,90.2,35.4,10.6,8.1,100.798373,71.8,21.6,38.7,61.3,85.8,7.4,87.4,18.5,47,44.1,32.7,23.2,38.6,32.7,24.2,4.5
"McNeil, Jeff",643446,2023,0.378,0.333,0.711,0.108,0.34,0.314,0.294,68.1,2.6,4.5,4.1,37.8,34.6,7.4,-2.8,46.5,32.2,86,32.1,1.3,5.7,95.98435413,75.9,29.9,29.1,70.9,85.1,7,92.6,13.5,53,37.5,35.4,27.2,42.2,22.1,25.7,10.1
"Thomas, Lane",657041,2023,0.468,0.315,0.783,0.2,0.436,0.334,0.319,71.7,17.1,16,12.6,39.9,31.4,10.4,-3.9,66.3,29.2,88.5,36.8,9.6,6.5,100.191574,61.1,27.2,44.7,55.3,74.6,7.3,87.4,23,43.6,47.7,33.3,19,43.4,23.5,25.9,7.2
"Kwan, Steven",680757,2023,0.37,0.34,0.71,0.102,0.358,0.313,0.317,64.1,0.2,4.7,4.2,45.1,41.1,2,0.1,30.8,34.9,86,37.7,1.1,2.8,94.06340932,59,21.3,27.3,72.7,65.4,8.4,94,11.2,41.2,27.7,39.5,32.8,46.7,20,28.8,4.6
"Turner, Justin",457759,2023,0.455,0.345,0.8,0.179,0.444,0.346,0.336,66.4,0.5,10,8.6,38.3,32.8,10.7,-1.5,53.3,34.9,89.5,36.8,5.7,9.3,98.56736824,63.5,25.7,31.1,68.9,74.3,8.3,87.8,17.5,45,37.9,34.8,27.3,35.7,33,25.1,6.2
"Henderson, Gunnar",683002,2023,0.489,0.325,0.814,0.234,0.472,0.346,0.346,75.4,57.4,20.2,16.1,32.3,25.8,10.1,2.9,49.4,33,92,32.9,11.4,7.9,102.7302262,66.7,26.5,41.5,58.5,79.8,7.6,79.5,26.4,46.8,36.6,38.1,25.2,45.8,26.5,23.3,4.5
"Kim, Ha-Seong",673490,2023,0.398,0.351,0.749,0.138,0.359,0.33,0.313,67.7,3.7,7.5,6.4,35.7,30.7,6.1,-1.6,54,25.3,86.2,36.1,4.2,5.7,96.56167043,55.1,20.4,27.2,72.8,62.4,8.6,85.2,17.8,38.9,42,37.3,20.8,41.3,25.2,24.3,9.2
"Wade Jr., LaMonte",664774,2023,0.417,0.373,0.79,0.161,0.45,0.347,0.36,72.8,26.2,16.1,12.9,34.3,27.6,10.7,-6.8,45.1,32.2,88.4,33.6,9.1,5.8,99.53009317,62,17.9,49,51,71.4,8,87.6,20.8,39.5,43,30.7,26.3,39.5,28.7,23.7,8.2
"Carroll, Corbin",682998,2023,0.506,0.362,0.868,0.221,0.441,0.37,0.344,73.2,29.6,14.2,11,36.4,28.2,5.5,1.9,45.6,26.2,90,32.7,7.6,7.8,100.9725632,65.3,28,37.2,62.8,78.3,6.6,85.6,21.6,45.8,38.4,36.9,24.7,45.3,24,23.3,7.3
"Perez, Salvador",521692,2023,0.422,0.292,0.714,0.167,0.46,0.302,0.325,72.7,29.1,16.1,11.9,30.7,22.7,12.9,-4.6,55.8,34.6,90.1,38,8.8,9.7,101.3574125,77.5,47,43.5,56.5,74.5,7.2,80.3,30.2,60.2,39.7,36.3,24.1,36,30.2,26.3,7.5
"France, Ty",664034,2023,0.366,0.337,0.703,0.116,0.42,0.315,0.342,71.8,19.5,11.8,9.7,29.6,24.2,12.9,0.5,49.2,35.3,87.5,36.9,6.8,5.1,99.27787132,74,33.3,45.1,54.9,80.9,7.5,89.1,21.9,53.2,39.7,38.6,21.7,41.8,23.1,26.5,8.5
"Edman, Tommy",669242,2023,0.399,0.307,0.706,0.151,0.39,0.306,0.312,70.8,15.9,14.9,12.9,36.9,32,7.4,-0.6,55.3,24.3,89.1,27.9,5,5.7,99.45671773,61.9,28.6,34.8,65.2,76.9,8.8,92.1,16.1,45.7,41,37.1,21.9,51.7,21.4,20.1,6.7
"Schwarber, Kyle",656941,2023,0.474,0.343,0.817,0.277,0.485,0.35,0.364,77.1,74.4,20.5,15.2,29,21.4,13.1,-7.3,65.5,29.7,92.4,34.3,16.4,6.7,103.3984901,55.8,21.6,52.1,47.9,64.5,6.4,77.5,31.5,37.7,52.5,32.7,14.7,34.6,33.8,20.1,11.5
"Correa, Carlos",621043,2023,0.399,0.312,0.711,0.169,0.417,0.309,0.327,74.8,51.2,22.8,17.9,35.3,27.7,9,-1.5,46.8,33.2,90.4,31.1,9.6,7,102.4812306,62.1,26.7,43,57,65.2,6.1,83.4,25.1,43.6,35.5,37.3,27.2,46.4,21.5,24.9,7.3
"Verdugo, Alex",657077,2023,0.421,0.324,0.745,0.157,0.417,0.322,0.331,67.5,2.6,16,13,44,35.8,6.2,-1.2,46.2,29.2,89.2,35.4,5,6.3,99.11699373,57.5,22.2,37.4,62.6,69.3,8.5,91.8,15.6,40.9,34.9,39.5,25.5,44.8,23.1,27.1,5
"Crawford, J.P.",641487,2023,0.438,0.38,0.818,0.172,0.384,0.359,0.34,71.9,23.3,12.6,10.5,31.3,26.1,7.5,-4,44.8,33,88.3,35.3,4.8,6.5,99.14310157,58.4,18.6,37.4,62.6,74.2,8.6,87.3,18.6,38.6,43.2,34.1,22.7,39.6,23.7,28,8.7
"Yelich, Christian",592885,2023,0.447,0.37,0.817,0.169,0.454,0.353,0.358,73.6,39.5,18.6,13.7,30.3,22.4,7.6,7.2,40.2,36.4,91.7,30.4,9.2,6.1,103.1836872,68.1,24.8,48.4,51.6,84.4,6.5,82.3,26.8,45,35,34.1,30.9,57.4,17.3,22.4,2.9
"Goldschmidt, Paul",502671,2023,0.447,0.363,0.81,0.179,0.49,0.35,0.367,72.1,18.5,15.8,12,29.2,22.2,8.5,5.9,47.3,32.8,91.3,35.6,12,8.5,102.4095956,61.8,26.5,37.2,62.8,72.4,7.6,76.8,27.5,44,31.5,36.1,32.4,41.4,26.9,25.7,6
"Hernández, Teoscar",606192,2023,0.435,0.305,0.74,0.177,0.476,0.317,0.336,74,43.7,20.4,13.3,32.5,21.2,12.6,-1.2,52.5,34.3,91.3,35.2,13.8,6.4,103.0146815,73,35.2,57.3,42.7,80,6.7,75.2,35.8,53.6,36.6,37.5,25.9,42.8,26.8,24.9,5.5
"Witt Jr., Bobby",677951,2023,0.495,0.319,0.814,0.219,0.533,0.343,0.369,75.1,53.9,18.8,15.4,32.9,27,5.9,-0.6,49.7,30.8,90.7,34.4,11.5,7.2,102.0806068,71,30.6,36.5,63.5,83.6,7.7,83.3,22.8,50.5,35,33.5,31.6,37.6,28.4,25.9,8.1
"Rutschman, Adley",668939,2023,0.435,0.374,0.809,0.158,0.469,0.352,0.373,70.3,10.1,15.1,13.1,35.1,30.6,9.2,1.7,49.9,37.6,88.4,37,7.5,6.5,99.61445077,60.7,23.4,27.1,72.9,65.3,6.9,89.3,15.6,41,37.2,31.3,31.5,42.9,26,26.4,4.7
"Machado, Manny",592518,2023,0.462,0.319,0.781,0.204,0.458,0.334,0.332,76.7,66.6,19.5,15.5,29.5,23.5,6.3,-2.9,50.7,25.4,91,30.2,10.5,7.7,102.375377,69.5,29.3,41.2,58.8,77.9,6.7,83.5,23.9,49.3,35.5,39.3,25.2,40.2,28.9,22,8.9
"Hernández, Enrique",571771,2023,0.357,0.289,0.646,0.12,0.337,0.282,0.272,72.3,23.4,11.8,9.8,33.3,27.5,6.5,-4.1,43.5,28.2,87.8,31,4.5,5.1,97.8312085,66,27.9,41.4,58.6,79.9,7.6,84.1,23.6,46.7,35,38.2,26.7,37.4,28.1,24.3,10.2
"Garcia, Maikel",672580,2023,0.358,0.323,0.681,0.086,0.393,0.299,0.319,69.8,5,19.1,15.9,42.6,35.4,7.3,8.3,58.7,28.6,91.8,36.9,3.9,9.4,101.5386047,63.6,20.6,32.8,67.2,74.3,8.4,84.4,19.5,43.1,29.4,42.8,27.8,48.3,18.3,29.2,4.2
"Realmuto, J.T.",592663,2023,0.452,0.31,0.762,0.2,0.462,0.324,0.334,73.5,35.5,14.6,10.8,28.6,21.2,16.3,2.4,48.6,37.5,89.8,36.2,11.2,7,101.3013976,70.7,30.6,43.7,56.3,78,7.6,81.4,26.2,50.5,42.1,32.6,25.3,37.6,28.9,24.2,9.3
"Carroll, Corbin",682998,2024,0.428,0.322,0.75,0.197,0.392,0.325,0.325,73.7,36.9,18.4,14.6,34.9,27.7,6.5,-0.3,53,22.5,89.3,27.8,7.2,7,101.0556657,59.8,24.9,36.1,63.9,67.7,7.3,87,20.3,41.4,37.8,36.5,25.7,44.6,22.1,21.2,12.1
"Castellanos, Nick",592206,2024,0.431,0.311,0.742,0.177,0.441,0.321,0.333,71.9,22.8,12.4,8.7,33.3,23.5,12.7,-5.2,47.2,38.9,88.4,39,8.1,6.8,99.26670303,79,37.8,51.9,48.1,86.5,6.6,80.6,30.1,58,37.5,37.7,24.7,38.4,30.5,26.9,4.3
"Thomas, Lane",657041,2024,0.4,0.309,0.709,0.163,0.377,0.309,0.307,71.7,16.9,15.3,12.1,32.7,26,9,-2.6,60.1,29.3,88.8,31.5,7.4,7.1,100.3765554,64,22.9,40.9,59.1,73.7,8.4,82.8,23.3,43.8,40,37.1,22.9,39.1,26.8,23.2,10.9
"Stott, Bryson",681082,2024,0.356,0.315,0.671,0.111,0.362,0.296,0.306,68.2,1.9,8.8,7.6,35.2,30.2,6.5,2.2,47.4,31.9,87,35.3,3.6,5.2,97.14926614,59.6,28.3,25,75,66.3,8,86.7,17,44.1,32.2,37.2,30.6,43.1,25.8,23.7,7.3
"Cronenworth, Jake",630105,2024,0.39,0.324,0.714,0.149,0.421,0.315,0.335,69.5,6.3,11.9,9.9,31.9,26.6,6.4,0.8,36.2,33.3,88.6,35.4,7.8,5.8,99.52756127,65.9,23.1,36.1,63.9,78.9,8.3,89.2,17.1,45,32.6,38.7,28.7,43.6,25.3,23.8,7.3
"García, Adolis",666969,2024,0.4,0.284,0.684,0.176,0.413,0.296,0.306,72,23,16.4,11.1,33.4,22.6,10.5,-2.6,58.2,29.3,91,33.7,12.5,6.6,101.8276768,74.9,33.6,51.5,48.5,84,7.4,75.3,34.3,52.1,34.7,35.5,29.8,38.9,31.3,22,7.8
"Meyers, Jake",676694,2024,0.36,0.286,0.646,0.141,0.381,0.285,0.303,68.6,7.9,10.6,8,31.6,23.8,9.4,-4.3,45.2,30.4,88.2,34.8,6.8,8.3,99.31727006,68.1,31.2,49.8,50.2,78.2,6.8,84.1,27,49.1,43.9,34.2,21.9,44.2,27.4,21.7,6.8
"Adames, Willy",642715,2024,0.462,0.331,0.793,0.211,0.461,0.342,0.339,73.6,33.2,13.5,9.8,29,21.1,15.5,-0.8,58.5,33.7,88.6,38.2,12,8.6,99.76963905,71.2,28.1,50.5,49.5,82.7,7.2,78.9,29.5,49.5,43.9,33.9,22.3,30.9,36.4,22.7,10
"Paredes, Isaac",670623,2024,0.393,0.346,0.739,0.155,0.337,0.327,0.304,68.2,4.8,6.5,5.4,28.9,24.2,14.2,-16.7,53,32.4,85,37,4.5,7.2,95.87558293,64.7,26.5,31.1,68.9,72.4,7.6,89,17.2,44.7,51.9,29.3,18.7,30.9,29.3,25.5,14.2
"Busch, Michael",683737,2024,0.44,0.335,0.775,0.192,0.419,0.336,0.319,70.3,11.3,13.3,9.6,35,25.2,15.8,0.7,43.9,37.9,89.9,36.4,11.2,6.5,99.99221232,68.6,23.2,51.1,48.9,86.5,7.2,79.8,28.4,45.2,40.5,35.2,24.3,38.8,32,22.8,6.5
"Schwarber, Kyle",656941,2024,0.485,0.366,0.851,0.237,0.511,0.366,0.38,77.5,78,23,16.5,32.5,23.3,13.1,-4.5,67.4,29.3,93.6,31.8,15.6,7.3,105.1545278,60.6,20.9,54.3,45.7,74.1,6.8,76.3,32,39.9,48.4,35.2,16.4,40.9,28.6,22.7,7.8
"Harper, Bryce",547180,2024,0.525,0.373,0.898,0.24,0.472,0.38,0.356,74,41,17.4,13.1,28,21,11.4,-1.1,44.4,36.1,91.1,36.1,10.6,9.6,102.5318351,78.2,33.4,47.6,52.4,86.3,6.2,85.1,26.7,52.9,34.2,34.5,31.3,38.6,30.4,27,4.1
"Smith, Will",669257,2024,0.433,0.327,0.76,0.185,0.443,0.326,0.331,67.9,3.1,10.7,8.7,33.4,27.1,13.2,0.4,60.5,34.6,89.4,38.3,10.8,8.4,99.31826915,66.5,26.3,34.2,65.8,78.2,7.5,84.5,20.9,46.2,31.9,41.7,26.4,33,40.4,22.2,4.5
"Walker, Christian",572233,2024,0.468,0.335,0.803,0.217,0.457,0.343,0.351,75,52.7,15.8,12.2,26.1,20.2,8.7,-3.7,46.9,30.3,91.2,35,13.3,7.1,103.1279695,73.1,24.3,48.8,51.2,78,7.9,82.5,25.6,48,41,34.7,24.3,37.9,31.9,22.3,7.9
"Guerrero Jr., Vladimir",665489,2024,0.544,0.396,0.94,0.221,0.567,0.398,0.408,75.9,57.4,24.1,19.3,34.5,27.7,3.2,-0.4,37.4,28.6,93.8,35.1,13.7,6.3,105.6637208,68.6,27.5,37.3,62.7,79.5,7.7,84.9,21.5,48,33.6,41.8,24.6,47.7,21.2,26.9,4.2
"Suárez, Eugenio",553993,2024,0.469,0.319,0.788,0.213,0.447,0.337,0.329,72.2,21.5,15,10.8,30.7,22.2,17.5,-3.8,50.2,38.6,89.1,40.4,11.3,8.9,100.5705523,66.9,27,55.2,44.8,78.5,7.9,81.2,29.1,47.2,49.3,28.8,21.9,32.5,33.3,26.4,7.9
"Santana, Carlos",467793,2024,0.42,0.328,0.748,0.182,0.415,0.326,0.329,71.8,19.4,13.6,10.7,36.1,28.3,11.8,-5,63.3,27.1,89.2,30.9,7.3,6.6,99.50612439,64.9,23.4,40.3,59.7,72.8,7,83.4,23.3,43.3,52.6,30.9,16.5,38,28.8,22.2,11.1
"Bregman, Alex",608324,2024,0.453,0.315,0.768,0.193,0.418,0.331,0.32,71.3,11.9,13.3,11.8,37.8,33.7,12.2,-2.9,68.7,28.5,89.1,34.9,6.4,7.4,98.98652795,65.6,23.6,24.7,75.3,70.9,7.6,91.3,12.8,44.9,39.9,33.5,26.7,36.5,28.3,24.2,11
"Hoerner, Nico",663538,2024,0.373,0.335,0.708,0.1,0.353,0.313,0.313,68.2,2.8,7.2,6.4,35.4,31.7,4.9,-1.4,43.7,32.7,85.7,36,1.2,2.1,95.98092653,63.7,31.8,22.5,77.5,71.3,7.4,93.1,11.9,48.4,33.3,37.4,29.3,43.9,19.5,29.9,6.7
"Varsho, Daulton",662139,2024,0.407,0.293,0.7,0.193,0.316,0.304,0.261,73.7,34.5,11.1,8.2,23.8,17.6,12.7,-3.6,54.2,32.6,86.1,30.2,6.2,9,98.5375835,70.3,25.9,44.6,55.4,81.7,7,80,27,47.6,47.5,29,23.5,33,30.6,18.2,18.2
"Judge, Aaron",592450,2024,0.701,0.458,1.159,0.379,0.722,0.476,0.479,77.1,74.8,25.8,18.4,33.8,24.2,14.4,-4.5,51.3,39.8,96.2,40.8,26.9,8.5,107.2004357,67.4,18.7,57.3,42.7,81.1,7,77.3,30.7,42,40.3,34.1,25.6,31.5,38.7,25.9,4.1
"Cruz, Oneil",665833,2024,0.449,0.324,0.773,0.19,0.461,0.331,0.34,78.5,75.3,24.6,16.5,34.1,22.9,8.4,-6.7,42,32.9,95.5,32.1,15.7,4.7,107.1993529,63,31.7,51.6,48.4,77.3,6.3,76,34.1,46.3,39.3,36,24.7,48.1,20.6,25.3,6
"Donovan, Brendan",680977,2024,0.417,0.342,0.759,0.139,0.42,0.332,0.336,69.6,7.2,13.8,12,40.5,35.2,7.7,0.8,49.6,30,88.7,36.6,5.5,6.5,98.55223739,63.7,23.7,33.6,66.4,68,8.9,91.4,15.1,44.2,35.4,36.2,28.4,42.3,22.9,27.2,7.6
"Contreras, William",661388,2024,0.466,0.365,0.831,0.185,0.471,0.359,0.358,74.7,50.4,20.9,15.6,34.9,26.1,10,1.4,63.4,28.2,92.8,29,10,7.8,103.87548,71,25.6,49.2,50.8,76.9,6.9,80.7,27.8,47.4,36.6,39.2,24.2,54,19.4,21.4,5.2
"Devers, Rafael",646240,2024,0.516,0.354,0.87,0.244,0.508,0.364,0.364,72.5,27.9,19.4,13.8,32.7,23.3,8.3,7.3,59.6,28.4,93.2,35.2,13,8.6,104.5979259,73.8,30.4,36.8,63.2,81.1,6.7,71.9,30.9,50.9,32.3,41.7,26,41.4,26.6,25,7
"Peña, Jeremy",665161,2024,0.394,0.308,0.702,0.128,0.395,0.305,0.31,72.6,22.5,14.9,11.3,33.8,25.5,8.6,-5,55.5,28.9,88.2,29.2,5.4,5.4,99.32350671,72.9,36.9,49.4,50.6,81.3,7.3,88.6,24.9,54.2,40.2,37.2,22.6,50.4,23,21.8,4.8
"Winker, Jesse",608385,2024,0.405,0.36,0.765,0.152,0.385,0.338,0.329,69.5,7.4,11.3,9.4,32.3,26.7,12.2,7.6,59.7,35.3,88.6,30.1,7.6,3.3,98.91091179,64.7,19,37.5,62.5,78,8.8,85,19.6,43.2,35,35.3,29.8,45.9,22.2,22.8,9.1
"Schanuel, Nolan",694384,2024,0.362,0.343,0.705,0.112,0.355,0.315,0.318,65.2,2.6,5.6,4.9,36.6,31.8,9.1,1,46.4,39.2,86.1,36.4,3.5,4,95.30519133,62.1,21.5,27.3,72.7,72.4,7.9,90,14.4,41.8,39.2,37.8,23,46.2,22.5,27.7,3.5
"Langford, Wyatt",694671,2024,0.415,0.325,0.74,0.162,0.423,0.321,0.328,74.5,48.3,18.3,14.1,31.7,24.4,11.2,-4.4,55.6,31,89.6,31.3,9.3,6.5,101.2110989,64.3,23,38.5,61.5,71.7,8.3,83.2,22.9,42.8,44.7,33.3,22,40.1,28.9,22,9
"Torres, Gleyber",650402,2024,0.378,0.33,0.708,0.121,0.367,0.313,0.306,70.1,9,10,7.9,32.8,26,8.4,5.2,52.5,34.5,88.6,38.2,6.3,6.1,98.29565592,69.2,21.4,37,63,78.4,7.6,81.3,22.9,45.7,31.7,34.7,33.6,36.9,29.9,26.9,6.3
"Pasquantino, Vinnie",686469,2024,0.446,0.315,0.761,0.184,0.439,0.325,0.331,71.7,19.7,16.3,14.1,37.2,32.1,9.6,-7,57.9,30.1,91,31.9,7.1,8.9,100.9979932,66.3,30.7,28.4,71.6,75,7.3,92.5,14.5,47.8,45.8,35.3,18.9,40.3,27.8,23.5,8.4
"Semien, Marcus",543760,2024,0.391,0.308,0.699,0.154,0.392,0.306,0.314,68.3,4.2,12,9.8,37.5,30.7,13.3,-6.7,57.4,32,87.4,33,6.6,4.8,97.80621092,75.9,25.2,44,56,92.1,8.2,88.1,20.2,50,46,33.7,20.3,39.6,30,22.5,7.9
"Mountcastle, Ryan",663624,2024,0.425,0.308,0.733,0.154,0.445,0.316,0.332,75.1,50.6,16.1,12.4,27.5,21.2,4.7,1.5,36.2,37.4,90.8,36.2,8.8,7.9,102.1057169,75.8,38,41.4,58.6,84.6,7.8,83.8,25.1,56.1,27.4,39.2,33.4,44.4,23.6,27.4,4.7
"Arozarena, Randy",668227,2024,0.388,0.332,0.72,0.169,0.377,0.32,0.321,72.7,33.4,15.9,11.6,32.9,24.1,9.4,-2.1,69.6,24.8,90.4,28.4,8.3,7,100.9041082,59.5,24.3,40,60,72,6.7,75,29.7,41,42.4,38,19.5,44.5,27.6,19,8.9
"Ramírez, José",608070,2024,0.537,0.335,0.872,0.258,0.452,0.364,0.329,71.6,18.9,14.2,12.4,32.6,28.5,9.9,-9.6,63.8,30.7,89.2,34,8.6,8.5,99.64295408,68.9,31.7,26.6,73.4,77,6.8,90.6,15.2,49.4,51.3,30.1,18.6,34.2,31.1,22.6,12.1
"Keith, Colt",690993,2024,0.38,0.309,0.689,0.12,0.392,0.301,0.31,71.3,14.3,13,10.1,35.4,27.7,8.5,0.1,45.3,33,87.8,34.6,5.6,5.1,98.47261363,67.9,29.9,44.4,55.6,85.2,7.4,86.6,23.2,48.6,36.3,37,26.7,44.1,25,26,4.9
"Arraez, Luis",650333,2024,0.392,0.346,0.738,0.078,0.4,0.323,0.325,63.1,0.2,4.7,4.4,46,43.3,7.6,4.2,44.6,38.3,86.3,40.9,1.6,3.8,94.83800036,63,35.3,11.3,88.7,72,7.5,95.3,6.9,49.8,31.6,37.6,30.8,42.2,25.2,27.7,4.9
"Castro, Willi",650489,2024,0.385,0.331,0.716,0.138,0.382,0.317,0.321,70.6,15.5,12,8.7,29,21,9.1,-5.9,45.9,37.1,87.4,39,7,8,98.8517065,72.7,31.7,53.5,46.5,77,8.1,82.6,29,51.4,40.4,34.1,25.4,40,27.1,27.4,5.6
"Olson, Matt",621566,2024,0.457,0.333,0.79,0.21,0.447,0.339,0.34,73.8,38.7,15.1,11.1,26.5,19.5,8.4,-1.6,44.5,34.1,91.5,35.4,12.4,7.4,102.7262795,72.3,28.7,36.4,63.6,82.3,6.9,78,26.3,49.7,38.4,34.7,26.9,35.9,30.3,26,7.8
"Lindor, Francisco",596019,2024,0.5,0.344,0.844,0.227,0.528,0.363,0.379,72.4,23.6,18.2,14,37.3,28.7,13,-1.5,56,34.2,90.9,35.4,13.6,5.7,101.0981172,69.9,26.3,41,59,82.3,8.1,82.5,23.7,48.7,42.9,36,21.1,34.8,31.4,26.1,7.7
"Langeliers, Shea",669127,2024,0.45,0.288,0.738,0.226,0.456,0.315,0.328,74.1,42,17.7,12.9,32.5,23.7,12.3,-5.7,63.4,29.5,91.3,35.3,12.8,5.2,102.0546069,69.5,30.7,49.4,50.6,75.8,7.7,80.3,29.2,49.5,45.2,38.8,16,37.6,30,22.4,9.9
"Alvarez, Yordan",670541,2024,0.567,0.392,0.959,0.259,0.593,0.402,0.41,76.5,63,22.4,18.2,34.3,27.8,8.8,-6,42.1,35.1,93.1,35.4,14.5,7.6,104.0971051,68,30.5,36.5,63.5,79.1,6.1,88.9,19.9,47.8,36.4,38.4,25.2,33.4,36.2,23.9,6.5
"Verdugo, Alex",657077,2024,0.356,0.291,0.647,0.123,0.373,0.283,0.302,68.3,7.5,10.9,9.1,39.8,33.4,5.6,0.4,44.6,31.3,88.3,31.6,5.6,6.1,98.00961326,61.3,25.5,33.3,66.7,71.6,8.7,91,15.5,44.7,34.9,35.6,29.5,49.6,23,22.4,5
"McCutchen, Andrew",457705,2024,0.411,0.328,0.739,0.179,0.418,0.325,0.325,72.7,25.3,14.9,11.1,31.2,23.2,12.7,-0.2,56.4,33.4,88.5,31.9,12,5.7,99.42496289,65.6,17.2,55.2,44.8,80.2,8.2,77.7,28.9,42,39.4,41,19.6,41.6,29.3,20.8,8.2
"Chourio, Jackson",694192,2024,0.464,0.327,0.791,0.189,0.424,0.339,0.323,73.2,34,17.7,13.4,34.4,25.9,7.4,3.5,57.9,27.2,89.7,33.2,7.8,6.6,100.8329696,66.1,31.9,47,53,77.4,7.8,82.7,27.1,48.8,33.2,42.7,24.1,48,24.4,23.9,3.7
"Burger, Jake",669394,2024,0.46,0.301,0.761,0.21,0.476,0.325,0.338,74.7,46.9,20.2,14.4,33.4,23.9,8.4,-6.1,54.8,23.7,91.3,32.4,12.3,7.7,103.6199869,70.1,36.5,49.4,50.6,78.2,6,81.1,30.1,52.4,42.4,37,20.6,44,28.3,20.8,6.9
"Machado, Manny",592518,2024,0.472,0.325,0.797,0.197,0.46,0.34,0.338,75.2,52.6,20.8,16.4,31.9,25.1,6.8,-0.2,54.3,25.6,92.5,33.8,11,5.9,103.3704941,72.4,29.7,45.3,54.7,80.4,6.8,83.8,24.4,51.6,35.1,42.5,22.4,43.3,22,26.6,8
"Arcia, Orlando",606115,2024,0.354,0.271,0.625,0.136,0.324,0.273,0.261,70.9,13.5,12.3,9.3,34.2,25.8,8.4,-3,62.7,25.4,88.2,29.9,5.3,6.5,98.41985743,70.8,27.6,49.4,50.6,74.1,7.3,82.3,26.6,49.1,46.2,33.2,20.6,49.9,21.3,20.2,8.6
"Rutschman, Adley",668939,2024,0.391,0.318,0.709,0.141,0.392,0.309,0.315,69.1,6.4,10.6,9,35.7,30,10.4,-2.6,48.6,36.4,88.2,35.4,6.1,4.8,98.08111945,60.1,28.9,27.5,72.5,63.9,7.4,87.9,17.1,44.5,41.5,34.9,23.6,34.9,32,25.5,7.6
"Burleson, Alec",676475,2024,0.42,0.314,0.734,0.151,0.435,0.319,0.328,71.2,18,13.3,11.1,37.2,31,9.6,1.4,54.9,33.4,89.7,34.3,6.5,7.1,99.38192717,77.6,34.5,32,68,84.5,7.3,86.7,19.2,55.7,33.5,38.7,27.8,42.5,25.5,25.5,6.5
"Ozuna, Marcell",542303,2024,0.546,0.378,0.924,0.244,0.572,0.395,0.402,74,42.5,20.3,14,33.9,23.3,15.4,-2.6,53.2,36.5,92.1,40.5,15.5,11.4,103.3389911,72.5,26.5,50.4,49.6,81,6.6,77.4,31.4,46.8,46.8,32,21.1,38,31.6,27.3,3.2
"Turner, Justin",457759,2024,0.383,0.354,0.737,0.124,0.383,0.327,0.328,65.1,0.8,5,4.3,32.5,27.9,9.3,-0.4,52.3,34.5,87.1,40.1,4.6,6.7,96.70234231,65.7,25.1,31.3,68.7,77.5,7.3,88.5,17,45.4,38.7,36.8,24.5,32.5,30.6,29.8,7
"Henderson, Gunnar",683002,2024,0.529,0.364,0.893,0.248,0.492,0.381,0.374,76.3,64.5,22.8,17.9,32.3,25.2,8.3,2.9,47.4,30.5,92.8,34.5,11.2,8.6,104.0023329,66.7,23.2,42.8,57.2,77.8,7,82.5,24.4,44.2,36.6,40,23.4,47.4,23.6,24.6,4.4
"Diaz, Yainer",673237,2024,0.441,0.325,0.766,0.142,0.457,0.329,0.338,72.5,23.6,17.2,13.3,34.5,26.6,11.2,3.9,59.2,30.8,90.2,35,7.6,8.4,101.2970562,77.7,42.6,40.2,59.8,85.6,6.5,86.4,24,58.8,38.3,40.5,21.2,51.2,18.7,25.5,4.5
"Nimmo, Brandon",607043,2024,0.399,0.327,0.726,0.175,0.408,0.321,0.334,73.3,34.8,15.5,12.1,30.9,24.2,6.6,-0.3,50.6,29.2,91.9,33.7,9.1,6.5,101.2649829,65.6,24.1,45.5,54.5,79,8.3,84.8,23.4,44.8,37,36.3,26.7,42.8,27.2,25,5
"Kwan, Steven",680757,2024,0.425,0.368,0.793,0.133,0.385,0.349,0.334,64.4,0.4,6.3,5.8,41.7,38.6,3.6,-2.9,36.6,35.8,86.3,38.5,2.6,5.3,95.04543782,57.6,19.2,20.4,79.6,67.8,8.4,95.7,8.2,39.1,30.4,37.6,32,37.4,28.3,27.8,6.5
"Giménez, Andrés",665926,2024,0.34,0.298,0.638,0.088,0.356,0.281,0.297,68.3,6.9,7.7,5.9,31.7,24.3,10.1,0.6,51.5,31.9,86.3,32.7,2.8,4.4,96.49249914,74.6,37.4,37.6,62.4,80.3,7.4,84.3,22.8,56.4,37.6,37.8,24.6,51.1,18.4,24,6.5
"Lowe, Nathaniel",663993,2024,0.401,0.361,0.762,0.136,0.381,0.337,0.329,73.3,29.3,15.2,12.4,28.3,23,6.9,7.6,50.3,30.1,88.9,32.6,5.8,6.8,100.4328223,62.8,23.5,41.8,58.2,69,6.7,87.7,20.6,42.7,27.9,40.8,31.2,48.5,22.5,25.5,3.6
"Ramos, Heliot",671218,2024,0.469,0.322,0.791,0.2,0.481,0.339,0.338,75.2,55.2,18.3,13.7,29.8,22.3,8.5,3.4,46.7,32.9,91.5,34.3,14.5,5.5,102.6207429,72.3,29.9,51.9,48.1,83.1,7.1,81.7,28.7,50.3,30.2,41,28.8,43.3,27,24.4,5.2
"Turang, Brice",668930,2024,0.349,0.316,0.665,0.095,0.34,0.294,0.298,66.2,3.4,6.1,5.3,33.8,29.1,1.1,6.1,25.9,30.3,87,32,2.4,2.6,96.86933306,64.4,28.4,25.7,74.3,75.9,8.9,90.8,13.8,47.7,24,41.8,34.2,53.7,17.7,24.5,4.1
"Chapman, Matt",656305,2024,0.463,0.328,0.791,0.216,0.451,0.34,0.341,76.6,64.1,18.5,14.1,28.1,21.5,6.2,-2.8,51.5,26.4,93.2,31.3,12.6,8.1,104.356013,63.5,24.2,36.8,63.2,71.5,7.1,81.1,23.5,44.6,37.9,37.7,24.3,38.4,28.4,23.2,10
"Gelof, Zack",680869,2024,0.362,0.27,0.632,0.151,0.347,0.276,0.271,71.6,11.7,12,7.8,30.4,19.8,16.4,0.8,54.8,33.7,89.2,34.4,8.8,6.3,98.97092194,72.1,29.7,62.8,37.2,84.4,7.2,73.9,36.4,51.5,41.6,37.9,20.5,43.5,27.4,22.7,6.3
"Doyle, Brenton",686668,2024,0.446,0.317,0.763,0.186,0.435,0.328,0.328,70.9,8.1,15.2,10.8,34.3,24.3,12.7,0.1,64.6,31.3,89.2,37.4,10.5,6,100.9832231,74.5,30,56.5,43.5,82.7,7.2,81.8,29.8,51.4,36.9,36.4,26.7,40.4,29.2,25.9,4.5
"Morel, Christopher",666624,2024,0.346,0.288,0.634,0.15,0.399,0.28,0.316,76.1,64.7,17.6,11.7,30.2,20.1,13.1,-5.8,73.5,27.3,89.2,27.6,10.2,4.5,101.2212221,68.8,26.2,51.1,48.9,81.7,7.4,72.7,34.1,47,45.7,37.5,16.8,45.1,25.2,17.6,12.1
"De La Cruz, Bryan",650559,2024,0.384,0.271,0.655,0.151,0.418,0.283,0.301,71.8,19.9,12.7,9.2,32.7,23.8,13.4,1.1,52.8,38.1,89.6,35.6,9.3,6.4,99.84865292,75.3,32.6,47,53,84.5,7.3,77.6,30.1,53.4,38.7,32.2,29.1,41.3,29.8,24.6,4.3
"Marte, Ketel",606466,2024,0.56,0.372,0.932,0.268,0.538,0.391,0.392,73.7,40.6,20.3,16.2,38.1,30.5,9.1,-4.9,53.6,33.7,94,33.7,12.3,7.4,103.9911372,71.3,26,40,60,82.7,7.3,85.9,21.3,48.2,47.4,35.9,16.7,48.9,24.8,21.4,4.9
"Ortiz, Joey",687401,2024,0.398,0.329,0.727,0.159,0.342,0.319,0.305,73.4,35.2,12.7,10.8,27,23,2.2,1.4,35.6,26.8,87.8,26.6,4.6,5.2,99.39150947,53.5,24.7,33.3,66.7,56.3,7.9,90.1,17.1,39.4,38.2,30.6,31.2,49.4,20.5,20.8,9.2
"McMahon, Ryan",641857,2024,0.397,0.325,0.722,0.155,0.413,0.315,0.324,72.5,26.3,16.4,11.7,31.4,22.4,8.8,4.5,41.3,38.1,92.1,36.5,10.9,7,102.6298871,65.6,26.5,50.6,49.4,75,8.5,77.6,30,46.9,33.9,38.6,27.5,49,24.6,24.4,2.1
"Hernández, Teoscar",606192,2024,0.501,0.339,0.84,0.229,0.485,0.36,0.345,73.2,31.7,18.5,12.5,29.6,19.9,9.1,0.9,51.5,32.7,90.6,33.8,14.9,7.5,102.7273954,74.7,28.7,56.4,43.6,81.1,7.9,75,34,51.2,33.8,38.1,28.1,46.5,26.6,22.1,4.7
"Soto, Juan",665742,2024,0.569,0.419,0.988,0.281,0.645,0.421,0.462,75.4,59.2,25.3,20.5,39.3,31.9,12.2,2.5,60.8,27.1,94.2,35.4,19.7,6.3,105.6501237,59,18.3,39.3,60.7,72.1,7,84.8,21.5,37.2,42.3,35.8,21.9,44.7,27.8,22.8,4.8
"Bell, Josh",605137,2024,0.405,0.319,0.724,0.156,0.392,0.317,0.307,70.4,15,15.4,11.6,36.1,27.3,9.2,1.3,53.5,35.1,88.9,31.4,7.6,6.2,100.0787113,73.4,27.4,45.6,54.4,82.7,6.2,81.2,26.8,48.8,41.3,31.8,26.8,49.6,23.5,21.1,5.7
"France, Ty",664034,2024,0.365,0.305,0.67,0.131,0.386,0.296,0.303,71,14.3,12.1,9.3,31.2,24.1,13.9,5.3,52.5,34.6,88.7,30.5,7.3,6.2,99.66367989,74.7,26.9,46.5,53.5,83.1,7.3,83.6,24.2,51.2,33.2,36.8,30,45.1,27.3,21.1,6.5
"Steer, Spencer",668715,2024,0.402,0.319,0.721,0.177,0.379,0.316,0.315,71.6,13.6,12.7,10,32.5,25.6,9.3,-5.6,53.1,28.7,88,34.2,6.4,7.7,99.16343425,64.8,24.8,47.9,52.1,75.4,7.3,86.6,23.1,44.5,42.8,32.6,24.6,37.8,29.4,23,9.8
"Duran, Jarren",680776,2024,0.492,0.342,0.834,0.207,0.448,0.357,0.338,73.6,36.2,17.7,13.7,30,23.2,3.9,3.2,36.2,29.4,90.8,33.8,9.3,6.2,101.9281555,68.2,28.1,47.1,52.9,78.5,7.2,84.3,24.8,48.3,29.9,40,30.1,46.8,21,25.6,6.6
"Smith, Josh",669701,2024,0.394,0.337,0.731,0.136,0.352,0.323,0.304,70.2,6.8,11.8,9.2,35.7,27.9,13.1,-5.1,44.9,37.5,87.8,33.7,3.7,5.7,98.30699771,66.9,25.9,40.9,59.1,77.1,8.1,85.1,21.8,47.1,43.7,35.9,20.4,39.6,29,25.3,6.1
"Chisholm Jr., Jazz",665862,2024,0.436,0.324,0.76,0.18,0.415,0.327,0.316,71.9,23.3,15.1,10.6,32.5,22.8,14.1,-2.1,52.3,34.9,89.7,29.6,9.7,5.8,100.1224668,67.1,29.2,43.7,56.3,76.7,7.6,77.3,29.3,47.5,41.3,41.3,17.5,49.8,25,18.9,6.3
"Rooker, Brent",667670,2024,0.562,0.365,0.927,0.269,0.556,0.392,0.379,73.7,37.2,18,12.5,32.5,22.4,11.7,-5.6,47.3,35.7,91.9,38.3,16.6,8.6,103.2523846,72.6,31,60.2,39.8,79.5,7.4,78.9,34.1,50.2,42.6,32.7,24.7,33.8,34.3,23.3,8.6
"Volpe, Anthony",683011,2024,0.364,0.293,0.657,0.121,0.328,0.287,0.275,69.3,3.7,10,7.9,32.2,25.5,9.6,7.4,60.7,33,87.7,33.3,3.9,5.6,98.17784156,65.4,29.3,37.4,62.6,73.6,8.3,83.5,22.6,48.1,30.2,41.2,28.6,50.6,21.6,23.3,4.5
"De La Cruz, Elly",682829,2024,0.471,0.339,0.81,0.212,0.427,0.349,0.327,75.2,53.8,19,13.2,31.7,22.1,9.6,0.5,52.7,35.2,91.8,35.7,12.7,6.2,102.955354,61.7,26.9,54.2,45.8,76.5,6.7,76.8,33.4,43.4,43.4,34,22.6,47.1,24.8,24.8,3.2
"Turner, Trea",607208,2024,0.469,0.338,0.807,0.174,0.418,0.349,0.317,71.6,17.1,13.4,10.1,34.1,25.6,11,-5.4,61.4,29,89.1,30.9,6.9,5.6,99.70606338,74.8,33.9,51,49,82.5,7.8,85.8,26.1,53.7,43.6,33.8,22.5,47.1,26.5,21.3,5.1
"Stephenson, Tyler",663886,2024,0.444,0.338,0.782,0.186,0.403,0.339,0.322,70.8,9.4,15.6,12.7,37.5,30.5,11,1.9,52.5,36.7,90.2,33,9.1,6.1,100.3201545,63.4,23.7,47.2,52.8,67.1,7.7,86.8,22.7,43.2,39.2,36.5,24.3,47.7,27.2,21.3,3.8
"Perez, Salvador",521692,2024,0.456,0.33,0.786,0.185,0.522,0.335,0.361,73.2,33.4,17.6,13.1,33.6,24.9,13.8,-6.9,53.7,34.8,91.1,39.4,12.2,6.6,101.8562756,77.3,42.9,41,59,81.7,5.7,81.7,27.8,57.8,46.7,30,23.3,33.8,33.8,24.4,7.9
"Betts, Mookie",605141,2024,0.491,0.372,0.863,0.202,0.448,0.371,0.357,69,9.6,11.8,10.3,42.5,37.3,8.9,-4.2,52.8,34,89.9,39.3,6,10.1,98.50877402,60.8,21.1,38.7,61.3,76.1,6.9,93.9,14.9,40.4,34.3,41.6,24.2,27.2,35.3,29,8.6
"Benintendi, Andrew",643217,2024,0.396,0.289,0.685,0.167,0.389,0.298,0.302,68,1,9.1,7.3,39.8,31.9,13.5,-0.4,55.7,34,88,36.5,6.3,8.3,97.17823,69.3,25.1,33.1,66.9,80,8,83,21.1,48,44.8,33.9,21.4,38.3,31.8,23.2,6.8
"Tovar, Ezequiel",678662,2024,0.469,0.295,0.764,0.2,0.4,0.324,0.288,71.3,18.9,11.8,8,30.6,20.9,10.5,-2.3,48,36,88.8,38.5,9,7.7,99.30648585,82,44.1,53.5,46.5,89.1,6.9,78.1,33.5,62.3,36.4,36.4,27.2,34.5,33.6,24.6,7.3
"Rafaela, Ceddanne",678882,2024,0.39,0.274,0.664,0.144,0.368,0.286,0.274,70.1,6.8,11.5,7.9,30.5,20.9,14.1,-0.5,52.6,33.3,86.6,34.9,7.5,5,98.20503629,78.6,46.4,46.7,53.3,84.4,7.1,75.7,33,61.9,37.2,36.7,26.1,42.5,26.4,22.9,8.3
"Ohtani, Shohei",660271,2024,0.646,0.39,1.036,0.336,0.659,0.431,0.441,76.3,64.1,25.8,18.4,38.7,27.5,11.3,-1.7,51.6,35.1,95.8,37.8,21.5,9,106.7277924,69.7,26.6,46.1,53.9,79.5,6.5,76.9,29.8,47.3,43.6,32.6,23.8,36.3,31.3,26.9,5.4
"Cowser, Colton",681297,2024,0.447,0.321,0.768,0.205,0.438,0.331,0.327,73.8,40.6,17,12.4,31.1,22.8,13.9,0.2,44.2,38.8,90.5,32.1,13.6,7.6,101.8389923,64,25,56.7,43.3,71,7,79.9,30.4,44.5,34.8,39.4,25.8,43.3,30.6,22.4,3.6
"Freeman, Freddie",518692,2024,0.476,0.378,0.854,0.194,0.464,0.365,0.365,69.8,10.1,12.8,10.4,33.3,27.1,7.9,1.4,40.3,42.5,89.4,43.1,9.1,8.4,100.3491331,73.7,26.6,29,71,83.5,6.7,83.4,20.2,49.4,34.2,34.9,30.9,38.7,31.1,27.6,2.7
"Sánchez, Jesús",660821,2024,0.417,0.313,0.73,0.165,0.467,0.317,0.342,75.2,54.4,19.1,13.1,32.2,22.2,7.9,2.5,50.8,30.7,92.5,31.8,12.2,7.1,104.5560006,73.5,36.1,47.2,52.8,83.3,6.3,78.1,31.2,53.2,31.8,39.2,28.7,50.3,21.6,24.4,3.4
"Rodgers, Brendan",663898,2024,0.407,0.314,0.721,0.14,0.378,0.314,0.296,71.7,25.2,14.4,11,31.5,24.1,5,-2.3,39.9,31.9,89.3,33.1,5.6,7,101.1532692,69.2,29.1,52,48,84.2,7.6,85,25.9,49.3,33.3,44.4,22.3,56.7,16.9,23.4,3
"Witt Jr., Bobby",677951,2024,0.588,0.389,0.977,0.256,0.577,0.41,0.408,74.7,48.3,20.5,16.2,34.8,27.4,5.9,-2.1,48.4,29.8,92.7,35.7,14.3,5.6,103.9728804,72.3,32.1,36.7,63.3,80.2,7.6,84.8,22.3,51.2,32.3,39.6,28.1,37.5,30.5,25.1,6.9
"Santander, Anthony",623993,2024,0.506,0.308,0.814,0.271,0.445,0.345,0.324,73.1,33.8,13.9,11.2,27.7,22.3,7.7,-7.2,50.7,26.5,89.8,35,11.7,9.1,100.3254769,67.8,33.8,28,72,73,6.8,84.6,20,49.7,44.4,32.1,23.6,30.6,33.8,21.7,14
"Young, Jacob",696285,2024,0.331,0.316,0.647,0.075,0.317,0.29,0.286,68.2,1.4,8.9,7.4,35.7,29.4,6.6,5.5,51.3,31,85.8,28.1,1.6,2.9,96.87214224,60.3,27.8,36.6,63.4,72.8,7.7,87.9,19.3,44.9,27.3,35.8,36.9,56.5,15.4,23.1,5
"Frelick, Sal",686217,2024,0.335,0.32,0.655,0.076,0.304,0.292,0.278,66.3,2.6,5.8,5.1,36,31.7,5.6,0.6,40.9,30.3,83.4,30,0.8,3.5,94.43975785,57,25.8,23.8,76.2,59.9,7.2,91.9,12.9,41.5,29.5,43,27.5,48,18,24.8,9.3
"Springer, George",543807,2024,0.371,0.303,0.674,0.151,0.401,0.298,0.321,71.9,22.4,15.1,11.6,32.9,25.3,10.8,1,52.2,33.8,87.5,29.2,9.3,4.4,99.896868,73,23.5,47.3,52.7,87.5,6.6,81.4,25.3,49.1,37,40.7,22.2,49.8,22.2,22.2,5.8
"Arenado, Nolan",571448,2024,0.394,0.325,0.719,0.122,0.356,0.314,0.296,70.7,12.8,9.2,7.8,32.3,27.6,11.3,-7.4,55.8,33.3,86.3,35.9,3.2,5.1,96.92414793,63.9,30,32.7,67.3,72.4,7.8,90.2,17.2,46.8,44.2,37.3,18.5,39.4,23.5,27.8,9.3
"Vaughn, Andrew",683734,2024,0.402,0.297,0.699,0.156,0.44,0.304,0.32,70.8,12,16.2,12.9,35.4,28.3,9.7,-4.7,57.4,28.6,90.3,33.6,9.3,8.4,100.9216329,66.7,33,41.6,58.4,68.5,7.2,88.2,22,49.4,33.4,42,24.6,38.6,30.9,21.7,8.8
"Swanson, Dansby",621020,2024,0.39,0.312,0.702,0.148,0.416,0.307,0.321,71.7,12.8,15.4,11.3,33.4,24.4,14.8,0.2,55.9,35.2,89.4,32.6,9.2,7.9,100.2102637,71,24,48.7,51.3,88.7,8.2,77.3,28.7,48.7,43.3,36.1,20.6,49.9,23.2,21.6,5.3
"Abrams, CJ",682928,2024,0.433,0.314,0.747,0.187,0.408,0.322,0.319,72.2,23.9,13.5,10.4,31.9,24.7,12.4,-3,61.9,29,88.2,33,6.9,9.6,99.49647962,70.5,35.4,37.7,62.3,79.1,7.8,81.6,24.7,53.3,45.2,33,21.8,40.7,28,22.7,8.6
"Profar, Jurickson",595777,2024,0.459,0.38,0.839,0.179,0.445,0.365,0.364,71.7,22.7,12.9,10.8,32.4,27.1,8.9,-3,50.4,32.5,91.1,31.3,7.2,4.9,100.9524413,68.6,21.9,33.1,66.9,81.7,7.4,87.9,17,45.6,39.3,35.9,24.7,43.1,25.6,23.5,7.8
"Raleigh, Cal",663728,2024,0.436,0.312,0.748,0.216,0.476,0.323,0.346,74.5,45.1,15.9,11.3,28.5,20.2,16.8,-7.8,45.5,32.3,91,35.6,15.4,6.9,102.0320718,74,32.7,47.1,52.9,85.9,7,77,31,52.3,45.5,33.5,21,31.1,36.7,21.3,10.9
"Goldschmidt, Paul",502671,2024,0.414,0.302,0.716,0.169,0.451,0.31,0.329,72.5,24.3,18,13.3,33.4,24.8,11,2,53.3,32,91.2,34.3,10.7,8.9,101.8925837,65.1,29.5,39.7,60.3,71.5,8.9,77.9,27.4,47.7,39,34.6,26.4,43.7,26.9,23.8,5.6
"Hoskins, Rhys",656555,2024,0.419,0.303,0.722,0.205,0.387,0.313,0.301,71.2,13.1,12.2,9.3,30,22.9,15.7,-5.6,58.1,32.7,88.7,29.7,12.7,6.2,99.73743425,59.3,25.4,39,61,71.2,7.9,78.8,26.3,42.8,52.6,28.1,19.3,33.3,36.6,19.6,10.5
"Bohm, Alec",664761,2024,0.448,0.332,0.78,0.168,0.446,0.335,0.343,72.2,21.7,18.8,15.6,39.1,32.5,6.4,2.6,50.8,30.8,90.4,35.2,6.8,9.1,100.7682208,71.1,27.2,37.2,62.8,89,6.9,89.5,17.6,49.7,34.2,37.6,28.3,46.4,23.4,25.7,4.4
"Vierling, Matt",663837,2024,0.423,0.312,0.735,0.166,0.393,0.317,0.31,71.1,11.8,15.5,12.6,36.1,29.3,6.5,0.9,50.8,29.6,89.8,34.1,7.5,5.5,100.2358306,62.1,22,39.5,60.5,72.8,8.5,87.2,19.5,42.8,36.8,37.6,25.6,42,23.6,26.4,8
"Reynolds, Bryan",668804,2024,0.447,0.344,0.791,0.172,0.463,0.343,0.35,71.6,17.1,17.4,12.7,36.6,26.7,12.7,0.4,46.5,38,89.9,37.5,9.6,7.2,100.9872093,74,30.2,52,48,86.2,6.4,81.3,29.4,50.4,35.2,37.5,27.3,46.1,26.7,24.9,2.3
"Bleday, JJ",668709,2024,0.437,0.324,0.761,0.194,0.397,0.33,0.316,71.7,16.5,15.5,11.8,35,26.5,10.6,-8.3,54.1,29.5,88.5,37.1,8.3,7.1,98.95957323,67.8,24.7,49.1,50.9,84.7,7.1,83,26.1,45.3,41.3,35.9,22.8,34.8,31.3,25.2,8.7
"India, Jonathan",663697,2024,0.392,0.357,0.749,0.144,0.412,0.333,0.353,71.7,22.2,12.4,10.2,30.7,25.3,8.1,-0.9,48.4,29.4,87.2,39.3,7.7,5.8,98.90319256,57.6,18.4,41.7,58.3,63.9,8.1,87.8,19.2,38.3,41.2,39.3,19.4,43.2,22.8,26.6,7.4
"Garcia, Maikel",672580,2024,0.332,0.281,0.613,0.101,0.366,0.27,0.3,70.8,10.8,15.9,13.8,40.9,35.5,4.6,4.6,45.6,28.3,90.4,34.1,3.7,4.8,100.0509274,63.6,21.2,31.4,68.6,74.7,9.7,89.1,15.7,43.4,29.7,41.2,29.1,49.5,20.4,26.6,3.5
"Naylor, Josh",647304,2024,0.456,0.32,0.776,0.213,0.443,0.332,0.335,72.9,32.7,15.9,12.7,34.1,27.3,8.7,-8.7,45.3,29.1,89.9,30.1,8.4,6.1,100.8153601,72.3,32.2,37,63,81.3,6.3,85.4,22.4,50.3,38.1,40.3,21.6,46.8,25.1,20.8,7.4
"Suzuki, Seiya",673548,2024,0.482,0.366,0.848,0.199,0.454,0.365,0.346,73,35,18,13.8,33.4,25.7,6.4,-0.9,47.3,30.1,91.7,38.8,11.5,10.1,102.5653693,59.6,20.7,46.1,53.9,70.9,7.5,83.4,24.5,39.6,32.6,44.9,22.5,33.7,34,26.7,5.6
"Neto, Zach",687263,2024,0.443,0.318,0.761,0.194,0.413,0.33,0.317,71,14.7,13.9,10.4,33.8,25.4,14.6,-6.1,56.5,33.4,88.5,29,8.4,8.4,100.1308329,67.9,31.3,45.8,54.2,76.3,7,82.2,27.1,48.9,46.2,33.9,19.9,45.2,29.2,18.7,6.9
"Greene, Riley",682985,2024,0.479,0.348,0.827,0.217,0.478,0.355,0.353,74.7,45.8,17,12.6,30.8,22.8,11.9,0.4,43.6,43.4,91.3,39.1,13.4,8.1,102.0880817,66.3,23.1,45.8,54.2,74.7,7.6,80.6,26.8,44.3,37.4,39.4,23.2,43.6,27.7,24.9,3.9
"Rodríguez, Julio",677594,2024,0.409,0.325,0.734,0.136,0.463,0.321,0.344,76.3,63.4,20.6,14.5,29.6,20.8,8.1,-2.9,47.2,33,91.7,33.2,10.2,6.1,103.5536875,74.7,37.3,47,53,81.8,6.7,78.8,30.9,54.3,33.4,39.2,27.4,44.6,26.2,23,6.3
"Bellinger, Cody",641355,2024,0.426,0.325,0.751,0.16,0.39,0.322,0.301,69,5.2,9.7,7.7,38.6,30.6,13.2,-3.1,59.5,32.6,87.8,32.9,6.3,3.9,97.31402921,67.1,32.4,35,65,77.1,7.5,84,22.2,49.8,40.5,33.3,26.2,37,35,21.1,6.9
"Díaz, Yandy",650490,2024,0.414,0.341,0.755,0.133,0.423,0.331,0.336,73.3,34.4,22,19.2,36.5,31.9,3.2,6.9,38.2,25.4,92.2,28.4,7.6,5.3,103.441831,64,22.8,25.5,74.5,76.6,7.5,89.7,14.2,43.9,26.5,43,30.5,55.5,17.8,21.2,5.5
"Taveras, Leody",665750,2024,0.352,0.289,0.641,0.123,0.368,0.282,0.295,71.3,14.8,14.4,10.6,32.7,24.1,7,-5.2,37.8,32.4,89,31.5,5.9,5.3,99.17317087,69.5,29,46.3,53.7,79.9,7.2,82.6,26.2,48.8,29.9,37.3,32.8,41.1,27.2,23.2,8.5
"Soler, Jorge",624585,2024,0.442,0.338,0.78,0.201,0.447,0.34,0.346,75.4,56.6,15.7,11.5,29.7,21.7,11,-9.6,56.5,33.5,90.5,33.4,12.6,7.3,101.8983579,64.8,26.8,53.6,46.4,76,6.4,82.9,28.9,44.5,41.6,36.2,22.2,37.6,30.1,22.5,9.8
"García Jr., Luis",671277,2024,0.444,0.318,0.762,0.162,0.453,0.328,0.332,71.7,22.7,16.1,12.8,35.2,28,10,1.6,61.1,29,89.1,32.8,8,5.8,100.1671277,69,36,36.4,63.6,74.6,7.3,87.4,21.3,51.7,26.3,46.3,27.5,48.4,25.1,23.9,2.7
"Alonso, Pete",624413,2024,0.459,0.329,0.788,0.219,0.461,0.34,0.343,75.2,51.8,18.6,14.3,29.6,22.8,9.8,-2.9,56.3,31.7,89.8,30.5,13.2,6.6,102.7851147,61,25.9,48.1,51.9,72.2,6.7,85.9,24.7,42.9,41.6,32.3,26.1,42,28.2,21.1,8.6
"Gurriel Jr., Lourdes",666971,2024,0.435,0.322,0.757,0.156,0.421,0.327,0.319,70.6,9.5,13.4,10.9,31.5,25.7,8.5,-4.1,48.3,35.8,88.4,33.8,6.7,7.2,99.54934847,69.5,32.9,37.7,62.3,77.8,7.3,88.2,20.2,51.1,40.5,31.9,27.6,38.1,27.1,26.1,8.6
"Altuve, Jose",514888,2024,0.439,0.35,0.789,0.144,0.4,0.344,0.317,69.4,13,9,7.1,33.2,26.1,16.5,-4.1,49.4,30.2,86.5,35.4,6.5,3.9,97.32367258,68.6,37.3,36.3,63.7,76,7.5,87.3,22.1,51.5,51.3,34.6,14.1,43,25.9,25.9,5.1
"Ward, Taylor",621493,2024,0.426,0.323,0.749,0.18,0.458,0.325,0.344,69.8,8.4,14.8,11.4,38.4,29.6,9.4,0,51.4,31.4,90.9,41.9,13,6.7,100.0177516,64.8,20.8,50.9,49.1,78.4,7.9,82.3,25.5,43.2,32.3,36.3,31.4,32.3,36.3,27.7,3.7
"O'Hoppe, Logan",681351,2024,0.409,0.303,0.712,0.165,0.454,0.311,0.331,70.7,17.4,14.6,10.1,32.9,22.7,15.1,-2.5,54.3,33.9,90.4,42.9,12,7.1,101.233351,72.4,34,54.3,45.7,80.1,6.9,77.3,33.6,52,42.3,35.3,22.4,38,29.4,26.4,6.1
"Happ, Ian",664023,2024,0.441,0.341,0.782,0.198,0.446,0.341,0.345,72.4,23.7,15.1,11,31.8,23.2,9.7,-3.9,44.1,32.6,90.8,37,11.7,7.7,101.5906663,67.8,23.2,47.3,52.7,80.2,7.1,78.6,27.9,45.9,38.7,34,27.3,39.2,30.3,22.8,7.7
"Winn, Masyn",691026,2024,0.416,0.314,0.73,0.149,0.358,0.315,0.294,70.2,11.5,12,9.9,32.2,26.5,4.7,-1.9,39.8,28.4,87,33.5,3.7,6.4,98.14426845,62.7,30.4,32.2,67.8,70.5,8.5,87,19,47,32.7,37.2,30,41.2,24.3,26.5,8
"Seager, Corey",608369,2024,0.512,0.353,0.865,0.234,0.557,0.365,0.387,72.3,20.9,19.5,15.2,33.3,26.1,12.3,-0.7,51.3,34,92.1,38.6,15.2,9.7,103.2743955,79.5,27.8,50.2,49.8,90.2,7.1,86.5,23.4,53,40.7,37.3,22,40.9,31.2,24.7,3.1
"Merrill, Jackson",701538,2024,0.5,0.326,0.826,0.208,0.534,0.352,0.372,72.2,21.6,15.1,12.3,30.6,24.9,6.2,0.8,41.9,37.4,90.4,39.6,11.3,7.8,100.811785,80,34.4,35.5,64.5,90.3,7.9,86.2,20.5,56.9,32.3,41.8,26,36.8,33.1,26,4.1
"Ozuna, Marcell",542303,2025,0.4,0.355,0.755,0.168,0.437,0.334,0.352,72.9,31.6,14.6,10.9,31.8,23.7,13.9,-0.9,53,36.8,89.9,35.1,11.4,9.7,101.3226932,57.9,22.3,42.3,57.7,71.6,6.4,81.1,25.8,39.4,42.9,34.3,22.9,40.3,32.6,22.3,4.9
"Schwarber, Kyle",656941,2025,0.563,0.365,0.928,0.323,0.574,0.391,0.403,77.3,77.2,24.7,17.4,32.2,22.8,14.6,-5.8,64.3,30.3,94.3,35.3,20.8,7.1,105.6786592,64.1,21.5,57.3,42.7,72.6,7.5,75.8,33.1,41.8,54.7,28.2,17.2,34.3,34.3,22.5,8.8
"Lee, Jung Hoo",808982,2025,0.407,0.327,0.734,0.141,0.379,0.32,0.32,68.3,2.7,10.8,9.4,39.8,34.9,5.2,-4.6,40.9,39.4,87.1,34.1,3.7,3.9,97.15474906,64.5,22.5,28.1,71.9,71.3,8.9,91.5,13.1,44.7,40,34.7,25.4,47.5,24.9,23.9,3.7
"Walker, Christian",572233,2025,0.421,0.297,0.718,0.183,0.426,0.31,0.314,74.1,41.8,16.4,11.9,28.9,21,9.1,-4.7,51.3,29.4,90.9,34.5,12.9,5.3,102.499786,75.8,28.1,56.2,43.8,84.2,7,78.7,30.5,52.2,42.2,35.2,22.6,37.4,29.4,24.3,9
"Alonso, Pete",624413,2025,0.524,0.347,0.871,0.252,0.559,0.368,0.385,75.3,53.4,22.7,17.2,33.6,25.4,10.1,1.1,59.8,33.8,93.5,38.4,18.9,7.9,105.0764115,65.7,27.4,42.4,57.6,76.2,6.9,81.6,25.6,46.3,39.3,31.6,29.1,37.8,29.9,25.5,6.8
"Manzardo, Kyle",700932,2025,0.455,0.313,0.768,0.221,0.435,0.329,0.321,70.6,8,14.2,10.4,35.7,26.1,17.3,-0.6,52.2,37,90.3,37.1,11.8,8.5,100.1144706,67,27.4,46.7,53.3,70.2,8.5,79.3,27.7,48.4,39.7,34.4,25.9,30.3,35.3,24.4,10
"Ward, Taylor",621493,2025,0.475,0.317,0.792,0.247,0.441,0.339,0.332,69.5,7.2,14.7,11.3,37.4,28.9,9.1,-2.9,55.5,32.1,90.1,34.9,13.7,7.1,100.9447539,53.7,20.7,52,48,67.3,7.4,86.5,23.8,37.6,36.6,36.3,27.1,34.4,36.1,21.7,7.8
"Judge, Aaron",592450,2025,0.688,0.457,1.145,0.357,0.697,0.463,0.459,77,71.6,25.1,16.9,34.2,23.1,14.1,-6,50.8,38.4,95.4,39.4,24.7,9,106.8381132,67,22.5,61.1,38.9,78.6,6.4,75.3,34.6,43.7,36.3,37.1,26.5,33.5,38.4,22.4,5.7
"Carroll, Corbin",682998,2025,0.541,0.343,0.884,0.282,0.521,0.371,0.372,74.7,45.6,19.4,14.9,30.4,23.3,11,-3.3,68.4,25.7,92.1,33.5,14.5,9.6,103.7294383,66.8,31.6,36.6,63.4,72.5,7.6,81,24.8,48.9,42.4,35.2,22.4,35.7,32,22.9,9.4
"Kirk, Alejandro",672386,2025,0.421,0.348,0.769,0.139,0.469,0.334,0.358,72.5,28.5,21,17.3,38.3,31.5,7.9,4.5,55.7,23.9,91.1,34.4,10.1,8.3,102.169605,65.9,29,27.6,72.4,79.4,8.3,85.6,18.5,47.2,28.1,41.5,30.4,44.2,25.4,24.1,6.3
"Happ, Ian",664023,2025,0.42,0.342,0.762,0.177,0.447,0.333,0.352,71.7,17.2,16,12.2,32.6,24.9,10.3,-5.5,46.5,32.7,90,35.7,10.4,10.4,101.3841398,63.5,20.8,49.1,50.9,83.4,8.9,82.5,24.6,43.5,40.9,33.8,25.3,36.6,29.1,26,8.3
"Harper, Bryce",547180,2025,0.487,0.357,0.844,0.226,0.485,0.361,0.367,74.2,44.3,18.4,13,30.1,21.4,11.6,-2.2,46.1,35.5,91.3,37.6,12.3,7.6,102.7831239,78.9,35.6,50.2,49.8,86,6.3,80.9,30.7,54.2,36.3,37.1,26.6,43.6,28.5,25.6,2.3
"Pasquantino, Vinnie",686469,2025,0.475,0.323,0.798,0.211,0.455,0.34,0.334,72.5,26.5,18.3,15.1,36.3,30.1,9.8,-9.2,55.7,29.4,90.9,33.5,10.8,7.9,101.3395741,65.2,30.4,36.2,63.8,76.9,7.1,90,18.2,48,45.1,32.9,22,38.2,29.7,24.3,7.9
"Altuve, Jose",514888,2025,0.442,0.329,0.771,0.177,0.382,0.331,0.301,69.7,10.9,10.3,8.3,31.7,25.7,15.3,-5.7,55.2,28.8,85.1,29.8,6.2,4.5,97.31379786,63.5,38.9,30.4,69.6,66,6.1,86.6,20.7,50,52.5,31.3,16.3,43.2,25.1,19.8,11.9
"Adames, Willy",642715,2025,0.421,0.318,0.739,0.196,0.429,0.321,0.327,72.1,19.8,11.8,8.7,29.2,21.4,18.4,-3.9,50.3,35.3,88.9,35.6,12.6,6.9,99.89778648,67.9,26.7,54,46,77.4,7,81.2,29.2,46.7,44.2,31.8,24,31.8,36.3,22.3,9.5
"Freeman, Freddie",518692,2025,0.502,0.367,0.869,0.207,0.461,0.37,0.35,69.9,8.4,15.6,11.8,35.3,26.6,10.7,1,46.4,43.1,90.9,36.7,10.4,6,100.7760563,76.1,28.4,42.4,57.6,85.1,7.1,78.6,27.3,51.9,43.4,31.2,25.4,41.6,29.1,25.4,3.9
"McLain, Matt",680574,2025,0.343,0.3,0.643,0.123,0.346,0.286,0.286,69.7,5.2,12.3,9,32.6,23.8,11.5,-0.1,56.5,32.1,88.8,34,7.7,8,99.17098859,59.9,26.3,48.5,51.5,70.7,7.4,80.2,28.5,43.2,32,38.3,29.7,39.7,30,21.4,8.9
"Bogaerts, Xander",593428,2025,0.391,0.328,0.719,0.128,0.405,0.313,0.325,72.2,26,15.7,12.6,36.3,29,10.2,-6.9,52.5,31,89,36.7,6.9,7.1,100.1946924,58.8,23.6,39.3,60.7,63.8,7.2,85.5,21.3,41.9,42.4,37.4,20.2,43.8,23.2,26.8,6.2
"Larnach, Trevor",663616,2025,0.404,0.323,0.727,0.154,0.393,0.317,0.315,72.2,23.3,16.7,12,37.9,27.1,8.3,-10.6,41,34.1,90.9,34.9,7.2,4.9,101.3515784,62.2,27.5,59.6,40.4,68.2,7.8,83.9,29.8,44.5,40.1,36.4,23.5,43.7,25.8,25.8,4.7
"Ramírez, José",608070,2025,0.503,0.36,0.863,0.22,0.439,0.359,0.341,70.9,16.2,13.2,11.4,34.6,30.1,8.9,-9.4,60.7,29.8,88.9,36.4,7,5.7,99.1074511,66,28.9,27.5,72.5,73.9,7.8,91,14.9,46.8,51.6,30.1,18.3,33.3,29.9,25.5,11.2
"Contreras, William",661388,2025,0.399,0.355,0.754,0.139,0.39,0.332,0.331,73.2,34.9,19.3,15.1,36.6,28.6,10.6,3.3,65.6,29.2,91.1,31.6,6.4,10.2,102.5706221,67.9,25.2,42.9,57.1,78.7,6.8,82.9,24.2,46.5,35.2,38.9,25.9,50.4,21.7,23.9,4
"Turang, Brice",668930,2025,0.435,0.359,0.794,0.147,0.421,0.346,0.334,70.7,18.1,14.3,11.6,34.4,27.9,7,8.2,45.1,31.2,91.1,35.1,7.9,6.1,100.6147854,62.8,23.8,37.2,62.8,74.6,8.2,84.5,21,44.3,25.9,40.6,33.6,46.9,25.6,25.2,2.3
"García, Adolis",666969,2025,0.394,0.271,0.665,0.167,0.42,0.286,0.304,72.1,25.3,16.9,12.2,35.9,25.8,8.8,-0.5,62.5,28,92.1,33.2,11.6,6.3,101.8751974,69.9,35.7,44,56,76.3,7.3,77.2,30.3,52.2,38,35.4,26.6,36.9,33.8,22.2,7.1
"Naylor, Josh",647304,2025,0.462,0.353,0.815,0.167,0.425,0.351,0.333,70.9,17.8,16.4,13,39.2,31.2,7.5,-8.2,43.9,31.3,89.2,30.8,6.7,7.5,100.1239639,72.5,37.1,37.9,62.1,80.8,7.7,86.8,22.1,53.9,42.2,39.6,18.3,45.8,26,23,5.2
"Wagaman, Eric",676572,2025,0.378,0.296,0.674,0.128,0.416,0.293,0.315,73.4,36.6,19.5,15.3,37.6,29.4,6.9,-2.7,49.4,27.9,91,34.4,6.8,8.1,102.3040671,64.5,25.8,47.4,52.6,74.7,8.3,85,24.2,45.2,38.1,38.6,23.4,44.1,24.4,25.7,5.8
"Turner, Trea",607208,2025,0.457,0.355,0.812,0.153,0.401,0.352,0.32,71.2,17.9,14.6,11.2,33.5,25.7,8.1,-2.9,60.1,27.9,89.3,34.7,5.8,5.6,100.1095826,72.8,31,49.1,50.9,83.1,8.1,86.1,24.8,51.4,38.6,37.4,24,48.3,23.1,24.2,4.3
"Torres, Gleyber",650402,2025,0.387,0.358,0.745,0.131,0.452,0.332,0.362,70.2,11.8,14.5,11.8,35.9,29.2,9.3,4.2,56.5,34.1,90,38.6,8.2,8.2,99.95168169,64.8,17.1,36.8,63.2,81.7,7.8,85.1,19.5,40.8,31.1,39,29.9,38.4,30.6,26,5
"Beck, Jordan",687597,2025,0.416,0.317,0.733,0.158,0.386,0.319,0.3,73.2,32.9,13.4,9.3,26.4,18.5,10.7,-3.3,51.7,32.8,87.4,36.9,9.6,8.2,100.3082696,67.2,27.4,51.4,48.6,76.8,7,76.9,31.2,47.4,39.1,38,23,42.1,26.5,26.2,5.2
"Garcia, Maikel",672580,2025,0.449,0.351,0.8,0.163,0.418,0.347,0.336,71.9,17.1,21.4,18.6,44.1,38.3,4.5,0.5,44.2,27.1,91.3,34.5,5.6,8.1,101.3420016,58,20.8,31.7,68.3,68.8,8,90.6,15,40.1,35.3,39.7,25,44.9,21.6,27.2,6.4
"Grisham, Trent",663757,2025,0.464,0.348,0.812,0.229,0.481,0.353,0.366,71,11.5,18.3,14.6,37.8,30.2,16.6,1.8,57.9,30.9,91.1,34.6,14.2,8.1,101.2383876,58.1,17.3,45.6,54.4,71.5,8.1,83.4,22.7,38.9,47.8,35.5,16.8,37.2,33.5,20.7,8.7
"Rengifo, Luis",650859,2025,0.335,0.287,0.622,0.097,0.371,0.275,0.301,69.5,7.3,10.9,8.5,34,26.7,7.2,3.7,48.9,33.6,87.1,34.7,5,4,97.79802308,71.5,30.5,40.4,59.6,75.8,7.4,85.5,21.9,51.6,32.7,40.9,26.4,50.6,18.5,25.2,5.7
"Bohm, Alec",664761,2025,0.409,0.331,0.74,0.122,0.407,0.322,0.324,71.7,18.2,17.3,14.9,37.5,32.5,5.4,4.5,47,29.7,90.8,35.6,6.2,5.2,100.7076358,66.9,26.3,29.4,70.6,84.8,8.8,90.3,14.6,48.2,27.3,47.4,25.3,49.7,20.9,27.3,2.1
"Soto, Juan",665742,2025,0.525,0.396,0.921,0.262,0.598,0.39,0.429,73.6,40.9,26.3,21.6,39.6,32.5,10.9,3.8,65.9,28.1,93.8,32.9,18.1,7.8,104.5395094,55.7,15.9,42.9,57.1,71,7.5,83.6,22.4,35.5,38.9,40.3,20.8,45.2,27.5,20.8,6.5
"Donovan, Brendan",680977,2025,0.422,0.353,0.775,0.135,0.441,0.337,0.346,69.3,4.8,17.5,15.2,42.3,36.8,7.9,1.8,49.2,30.4,89.7,40.1,8.8,7,99.94656294,61.3,25,26,74,77.4,8.1,91.3,13.4,43.8,34.8,38.3,26.8,43.1,22.3,28.1,6.5
"Steer, Spencer",668715,2025,0.411,0.312,0.723,0.173,0.353,0.316,0.291,70.9,7.1,10,7.6,30.1,22.9,12.4,-4.1,58,28.3,87.3,34.2,7.6,6,97.84339196,67.5,24.8,46.6,53.4,76,9.4,81.6,25,48,45.4,33.4,21.1,35.2,30.3,23.8,10.7
"Tucker, Kyle",663656,2025,0.464,0.377,0.841,0.198,0.475,0.363,0.371,72.1,23.7,15.2,12.5,36,29.6,11.7,-8.1,49.5,33.9,90.1,37.5,10.8,6.5,99.76867707,70.8,17.6,42.1,57.9,85.8,7.9,84.9,20.2,45.2,45.2,33.9,20.9,33.9,32.7,26.7,6.7
"Hayes, Ke'Bryan",663647,2025,0.306,0.29,0.596,0.071,0.336,0.266,0.281,71.2,11.8,16.5,13.3,37.6,30.2,4.3,1.5,43.4,26.5,89.3,30.6,4.5,5.7,99.78943956,60.6,27,40.9,59.1,73.2,8.3,89.1,19.9,44.1,29.2,40.7,30.1,49,18.4,24.4,8.1
"Kwan, Steven",680757,2025,0.374,0.33,0.704,0.102,0.359,0.31,0.308,63.7,0.8,4.1,3.8,42.5,39.3,3.2,-2.5,35.3,35.6,86.2,39.7,1.9,3.7,94.35779432,58.8,22.7,23,77,68.8,8.5,96.1,8.7,41.9,29.7,38.8,31.5,39.1,26.1,29,5.7
"Jung, Josh",673962,2025,0.39,0.294,0.684,0.139,0.401,0.298,0.301,70.3,5.2,16.8,12.9,33.5,25.7,11.5,2.6,52.8,37.7,89.3,39.4,8.2,9.3,100.8140564,69.5,33.2,40.7,59.3,80.8,6.5,82.1,25.4,51.1,35.1,40.5,24.4,41.6,24.9,27.5,5.9
"Marte, Ketel",606466,2025,0.517,0.376,0.893,0.234,0.524,0.381,0.39,74.6,45.5,19.3,15.2,35.6,28,10.1,-7.2,61.5,32,90.8,33,13.5,4.8,102.659316,67.3,24.7,39.8,60.2,80.9,7.3,84.2,22.5,45.3,47.3,34,18.8,40.8,28.2,21.8,9.3
"Olson, Matt",621566,2025,0.484,0.366,0.85,0.212,0.482,0.366,0.36,73.9,41.3,18.1,13.5,29.3,21.9,8.7,1.1,48.2,33.9,93.3,37.1,14.3,9.3,103.8164551,66.5,24.9,37.4,62.6,75.3,7.4,78.2,26.2,45.3,36.6,34.9,28.5,39.7,28.3,24.7,7.3
"Devers, Rafael",646240,2025,0.479,0.372,0.851,0.227,0.479,0.365,0.367,71.6,19.8,17.9,12.3,31.5,21.7,10,4.5,59.5,29.9,93.5,34.6,16,6.4,104.0052804,70.1,25.5,39.2,60.8,79.3,7.9,71.4,31.6,47.2,35.8,37.9,26.3,42.7,30.1,22.9,4.3
"Wilson, Jacob",805779,2025,0.444,0.355,0.799,0.133,0.36,0.348,0.304,63.9,0.3,4.1,3.7,41.3,37.5,2.9,-1.1,36.6,35.1,84.6,32.2,2.2,3.1,95.13663311,66.6,32.1,14.1,85.9,68.9,9.6,92.4,9.6,49.9,34,40.9,25.1,53.3,17.1,24.2,5.3
"Crawford, J.P.",641487,2025,0.37,0.352,0.722,0.105,0.382,0.322,0.329,71,19.3,11,8.8,29.6,23.8,4.7,1.7,36.7,36,87.2,40,4.8,5.3,98.22544937,65.1,21.9,34.3,65.7,76.6,8.9,83.6,20.4,45.1,33.6,34.1,32.3,44.4,23.1,27.3,5.3
"Frelick, Sal",686217,2025,0.405,0.351,0.756,0.117,0.335,0.332,0.298,68.2,5.4,7.3,6.5,33.5,29.7,8.6,-1.8,51.9,28.1,85.5,30.7,3.1,2.9,96.05850422,60,26.3,22,77.7,62.6,8.6,90.7,12.8,44.1,41,34.2,24.8,46.7,20.2,23.2,10.1
"Lowe, Nathaniel",663993,2025,0.381,0.307,0.688,0.153,0.367,0.301,0.303,72.7,24.3,13.4,10.3,27.5,21.3,6.6,7.9,47.2,30.1,89,33.4,7,8.3,100.3892316,63.8,24,45.8,54.2,73.4,7.8,82.6,24.7,44.6,31.6,38.6,29.8,43.8,26.9,24.4,4.9
"Gurriel Jr., Lourdes",666971,2025,0.418,0.295,0.713,0.17,0.411,0.307,0.313,70.6,9.6,12.9,10.6,35.2,28.9,10.5,-6,50.5,36.9,87.8,37.4,7.2,5.5,99.05875176,69.5,34.5,36.9,63.1,76.9,7.4,87.9,20.2,52.3,40.2,36,23.8,37.4,27.3,26.3,9
"Witt Jr., Bobby",677951,2025,0.501,0.351,0.852,0.206,0.494,0.36,0.363,74.3,45.1,20,15.6,34.9,27.1,5.1,-0.2,47.2,28.6,93.3,35.4,12.5,6.7,103.9062323,71.5,30.7,40.8,59.2,84.8,8.1,83.4,23.9,51.1,32.9,37.8,29.3,37.4,27.9,26.1,8.5
"Raleigh, Cal",663728,2025,0.589,0.359,0.948,0.342,0.536,0.392,0.37,75.2,54.7,17.5,12.5,27.8,19.8,17.9,-8.3,45.1,34.3,91.3,35.3,19.5,7.1,103.03793,75,31.8,51.5,48.5,83.2,6.3,78.4,31.5,51.7,54.5,25.8,19.7,25.8,41.8,19.5,12.9
"Hoerner, Nico",663538,2025,0.394,0.345,0.739,0.097,0.383,0.324,0.319,68.4,2.6,9.7,8.8,40.1,36.4,5.9,-1.9,48,33.3,86.7,36.1,2.3,4.5,96.70441855,63.4,32.5,24.5,75.5,70.7,9.3,94.9,11.2,48.8,37,37.2,25.8,44.9,23.8,25.5,5.8
"Lee, Brooks",686797,2025,0.37,0.285,0.655,0.134,0.364,0.286,0.286,69.5,9.4,9.5,7.5,36.3,28.6,11.3,-4.7,57.8,30.9,88.6,30.8,5.8,7,98.1525774,68.6,31.8,48.6,51.4,77,6.7,88,24,49.8,40.8,36.5,22.8,44.3,29,20.5,6.3
"Pages, Andy",681624,2025,0.461,0.313,0.774,0.189,0.42,0.332,0.314,72.6,21.5,12.7,10.3,29.3,23.8,7.8,-4,48.3,40.6,88.6,38.9,8.4,6.6,99.31346178,70.5,33.2,42.3,57.7,84.6,8.5,87.1,21.5,53.1,40.7,34.1,25.2,35.4,32.5,27.2,4.9
"Adell, Jo",666176,2025,0.485,0.293,0.778,0.249,0.536,0.333,0.364,77.6,73.4,19.1,14.4,26.2,19.8,8,-5.9,49.5,33.8,91.7,35.1,17.3,8,104.2157126,74.3,32.6,52.6,47.4,84.5,6.4,83.1,28.5,52.6,38,36.4,25.5,38,29.8,23.4,8.8
"Bell, Josh",605137,2025,0.417,0.325,0.742,0.18,0.474,0.324,0.359,73.1,34.9,18.6,14.6,34.4,27,10.1,-2.9,58,33.7,90.4,33.4,12,7.8,102.5498565,68.9,26.8,41,59,77.3,7.1,83.8,23.6,47,41.5,31.9,26.6,46,27.9,20.6,5.5
"Harris II, Michael",671739,2025,0.409,0.268,0.677,0.16,0.432,0.289,0.315,74.3,40.7,18.8,14.4,31.2,24,6.9,-1,50.4,30.8,90.2,29.6,9.1,5.9,103.0138061,71.3,43.1,44.7,55.3,73.5,6.1,88.2,24.4,57,35.8,40.3,23.9,50.6,21.3,22.3,5.9
"Tatis Jr., Fernando",665487,2025,0.446,0.368,0.814,0.178,0.482,0.353,0.371,74,42.7,21.8,16.3,37,27.6,8.3,0.8,56.4,29.8,93.3,28.9,10.9,7.9,103.8345272,70.3,24.4,50.7,49.3,88.7,7.4,82.3,27,45.9,36.2,40.3,23.6,49,25.3,19.9,5.8
"Clement, Ernie",676391,2025,0.398,0.313,0.711,0.121,0.355,0.308,0.29,67.6,2.4,9.3,8.2,41.6,36.8,11.6,-3.1,59.2,32.2,86.6,37.1,2.4,5,95.99897037,72,36.4,28.7,71.3,76,8,93,14.5,53.8,40.1,36.5,23.4,34.7,28.6,27.6,9.1
"Abrams, CJ",682928,2025,0.433,0.315,0.748,0.176,0.394,0.324,0.308,72.4,25.5,13.8,10.6,31.4,24.3,10.9,-3.8,59,27.3,88.7,34.4,7.6,7,99.52839035,67.4,32.6,40.8,59.2,78.4,7.4,83,24.4,50.6,43.8,34.6,21.6,40.1,28.1,23.7,8.1
"Ohtani, Shohei",660271,2025,0.622,0.392,1.014,0.34,0.64,0.418,0.426,75.8,61.9,26,17.8,36.4,25,15,-2,53.3,36.9,94.9,35.9,23.5,8.7,106.1260154,66.1,26,53.1,46.7,76.1,7.2,75.2,33.4,45,43.2,37.8,19,39.7,35.7,21.1,3.5
"Duran, Jarren",680776,2025,0.442,0.332,0.774,0.186,0.403,0.335,0.325,74.8,47.5,19.4,14.2,32,23.4,5.6,0.2,44.5,26.6,91.8,34.5,9.7,7.9,103.1583892,64.1,31.1,54.5,45.5,68.7,7.5,83.6,29.3,47.2,35.4,38.5,26.2,41.5,25.1,25.5,7.9
"Semien, Marcus",543760,2025,0.364,0.305,0.669,0.134,0.39,0.295,0.317,68.4,5.3,11.9,9.4,36.2,28.6,15.8,-3.9,56.6,34.8,88.3,35.8,6.7,8.3,98.28417736,75.2,23.5,49.8,50.2,90.6,7.7,86.1,22.6,49,44.6,36.8,18.7,34.5,33.4,23.1,9.1
"Rooker, Brent",667670,2025,0.479,0.335,0.814,0.217,0.482,0.349,0.353,73.6,35.6,17.1,12.3,33.2,24,12.3,-6.1,45.3,36.3,90.7,39.7,13.7,6.6,101.3487628,75.3,26.4,58.2,41.8,85.5,7,79.6,30.8,50,42.9,34.9,22.2,37,30.2,26,6.8
"Suzuki, Seiya",673548,2025,0.478,0.326,0.804,0.233,0.482,0.343,0.351,73.4,37.1,19.1,15.1,33.2,26.3,8.1,-3.1,50.4,31.1,91.3,40.2,16.6,7.5,102.9312788,59.1,20.5,49.8,50.2,63.2,7,84.3,23.9,40.6,41.9,34.7,23.4,31.8,34.7,25.8,7.7
"Yelich, Christian",592885,2025,0.452,0.343,0.795,0.188,0.437,0.343,0.332,73.4,35.6,18.3,13.2,32.4,23.4,9.7,6.9,44.4,36.3,90.2,31.2,10.3,6.1,102.3702842,66.7,25.7,55.8,44.2,74.9,7.2,81.6,29.2,45.7,33.4,38.8,27.8,56.8,17.2,22.9,3.2
"Crow-Armstrong, Pete",691718,2025,0.481,0.287,0.768,0.234,0.47,0.323,0.322,72.7,28.5,14.7,10.8,30.1,22.1,14.5,-3.5,50,34.9,89.5,33.9,13,6.2,100.6765979,81.2,41.7,47.3,52.7,86.2,7.2,82,28.9,60.1,48.9,30.4,20.7,33.5,35.5,21.6,9.5
"Sheets, Gavin",657757,2025,0.429,0.317,0.746,0.177,0.443,0.323,0.338,74.8,51.9,17.6,14.1,31.3,25,8.4,-7.5,53.9,27.5,89.9,38.8,9.5,7.7,101.1991577,59.6,31.4,36.9,63.1,64.8,7,85.2,23,44.7,42.2,33.9,23.9,37.3,24.4,29,9.3
"Lopez, Otto",672640,2025,0.368,0.305,0.673,0.122,0.428,0.295,0.33,71.7,22,17.1,14.2,37.7,31.4,7.4,-2.3,48.5,29.9,88.5,32.5,7.1,6.7,99.90086749,62.7,29.5,36.7,63.3,74.5,7.6,89.3,18.9,46.3,34.4,40.2,25.4,48.6,23.2,23.4,4.7
"Ramírez, Agustín",682663,2025,0.413,0.287,0.7,0.182,0.45,0.302,0.332,75.2,55.4,21.6,16.4,32,24.3,7.3,-2.9,53.2,25.2,90.8,31.1,11,7.2,103.9438107,70,32,48.3,51.7,76.9,8.2,86.3,25.5,49.9,39.7,35.7,24.5,45.8,22.2,23.8,8.2
"Volpe, Anthony",683011,2025,0.391,0.272,0.663,0.179,0.395,0.286,0.299,72.6,28.5,15.5,11.8,33.4,25.4,11,5.6,64.8,31.5,89.3,34.6,10.5,7.8,100.2143812,65.7,23.9,35.6,64.4,74.2,8.1,78.3,25.1,45.9,32.8,40.6,26.6,41.6,29.8,21.6,7
"Rafaela, Ceddanne",678882,2025,0.414,0.295,0.709,0.165,0.407,0.307,0.305,71,12.4,14,10.4,32.7,24.3,11.6,-1.5,57.2,32.6,88.3,32.3,9.2,5.5,99.63703684,75.3,42.2,42.9,57.1,83.1,8.3,82.1,26.8,58.9,37.6,39.6,22.8,44,26,21.4,8.5
"Suárez, Eugenio",553993,2025,0.526,0.298,0.824,0.298,0.449,0.347,0.316,72.3,26.5,15.5,10.8,31.8,22.2,18.5,-5.5,44.5,38.7,90.2,32.8,14.3,8,101.4773033,69.4,31,60.8,39.2,76.1,7.1,78.8,33.3,50.4,47.4,34.8,17.8,32.1,40.9,18.5,8.5
"Nimmo, Brandon",607043,2025,0.436,0.324,0.76,0.174,0.412,0.329,0.321,72.3,26.5,19.2,14.8,34.4,26.5,6.6,2.1,47.9,29.1,91.9,29.7,8.8,8.4,102.5635614,66.2,24.2,45.3,54.7,75.7,8.4,82.8,23.8,47.2,35.2,35.5,29.3,46,23.6,23.1,7.3
"Albies, Ozzie",645277,2025,0.365,0.306,0.671,0.125,0.362,0.295,0.298,69,7,8.1,6.6,35,28.4,12.7,-5.3,58.5,34.9,87.5,33.5,4.9,4.7,96.94763914,77.9,33.5,32.7,67.3,87.9,7.2,85.2,20.8,54.1,48.8,33.7,17.5,37.2,28.4,23.5,10.9
"Polanco, Jorge",593871,2025,0.495,0.326,0.821,0.23,0.453,0.35,0.341,71.2,14.8,18.7,14.8,39.2,31,9.4,-10.5,56.4,30.5,90.8,34.3,10.3,7.6,101.5324447,66.9,26.9,45,55,76,7.6,86,23.3,46.3,48.4,31.2,20.4,38,28.7,22.7,10.6
"Butler, Lawrence",671732,2025,0.404,0.306,0.71,0.17,0.384,0.31,0.303,73.8,39.3,17.6,12.1,30.5,21,6.8,1.7,44.2,30.4,90.5,34.4,9.2,6.9,102.1471765,67.9,26.1,56.8,43.2,80.1,6.8,76.3,32.9,47,33.7,37.2,29.1,46.7,22.7,25.5,5.1
"Arozarena, Randy",668227,2025,0.426,0.334,0.76,0.188,0.408,0.332,0.326,72.3,29.6,18.2,13.2,34.9,25.3,8.7,0.5,62.1,25.3,91.3,32.6,11.5,7.7,102.4904579,62.6,25.2,43.9,56.1,75.9,7.9,75.9,29.7,44,33,42.2,24.8,42.6,26.9,21.3,9.1
"Rodríguez, Julio",677594,2025,0.474,0.324,0.798,0.207,0.475,0.341,0.347,76.4,64,19.9,14.5,31,22.6,6.9,-1.5,46.3,31.7,91.8,31.5,9.8,8.8,103.7115726,75.2,35.9,46.4,53.6,80.1,7.3,80.6,28.2,55.4,35.9,40.8,23.3,48.2,25.7,21.1,5
"Betts, Mookie",605141,2025,0.406,0.326,0.732,0.148,0.412,0.318,0.327,69,8,13.4,11.7,47.1,41.3,9.2,-5.5,55.7,34.6,89.1,37.7,5.5,7.2,98.06934571,59.9,21.6,37.7,62.3,75.7,8.2,92.4,15.3,41.2,42.9,35.6,21.5,32.8,34.5,26.7,6
"Swanson, Dansby",621020,2025,0.417,0.3,0.717,0.173,0.476,0.31,0.347,70.9,5.7,17,12.2,35.5,25.6,15.6,-1.5,59.3,34.6,90.5,36.9,11.7,7.7,101.168223,73.7,25.2,55.7,44.3,82.1,8.2,77.5,30.5,50.3,42.3,40,17.8,42.3,27.3,24.5,5.8
"Goldschmidt, Paul",502671,2025,0.403,0.328,0.731,0.129,0.44,0.316,0.328,72.6,21.9,15.7,12.8,34.1,27.7,9.7,2.4,51.5,31.9,90.4,36.1,7.9,7.7,100.7083163,66.3,27.3,31.6,68.4,70.7,9,83.6,20.5,47.8,37.1,32.5,30.4,38.9,29.7,25.8,5.6
"Bellinger, Cody",641355,2025,0.48,0.334,0.814,0.208,0.416,0.347,0.322,70.1,6.5,12.6,10.4,33.9,28.1,12.9,-3.2,59.3,32.4,88.3,37.1,7.5,8.5,98.69037032,67,30,30.5,69.5,77.6,7.1,87.5,18.1,48.3,42.4,31.8,25.8,32.9,35.7,24.3,7.1
"Correa, Carlos",621043,2025,0.402,0.332,0.734,0.126,0.438,0.322,0.34,73.8,37.8,18.3,14.5,31.4,24.9,7.7,-1.5,41.7,33.1,90.5,34.6,6.8,6.4,102.3389023,64.4,28.8,40.2,59.8,72.7,8.6,85.9,22.3,46.4,34.4,37.6,28,48.2,18.8,27.5,5.4
"Smith, Josh",669701,2025,0.366,0.335,0.701,0.115,0.366,0.311,0.312,69.1,3.7,10.5,8.4,33.9,27.3,8.6,-1.9,43.1,36.5,87.2,33.8,5,4,97.37949959,63.1,25.7,39.7,60.3,72.4,8.4,87.7,19.6,45.5,36.3,37.3,26.3,44.6,24.1,24.6,6.8
"Lindor, Francisco",596019,2025,0.466,0.346,0.812,0.199,0.446,0.35,0.345,71,16.4,13.9,11.1,33.8,26.9,11.1,-1.6,51.1,33.8,90.5,34.6,8.8,7.1,100.7558243,67.3,26.7,35.8,64.2,73.3,8.3,84.7,20.8,47.7,42.1,35.4,22.5,39,27.5,25,8.5
"Trout, Mike",545361,2025,0.439,0.359,0.798,0.207,0.466,0.343,0.358,74,40.1,16.4,11.8,27.4,19.7,7.6,0.2,44.8,36.4,90.9,44.4,15.8,8.5,103.4399035,55.9,20.7,56.2,43.8,66.7,7.7,79.3,29.9,38.8,37.7,34.2,28.2,34.2,30.3,28.2,7.4
"Castellanos, Nick",592206,2025,0.4,0.294,0.694,0.15,0.398,0.3,0.3,70.5,17,11.9,8.4,32.2,22.8,15.1,-4.5,47.2,40,87.8,39,7.6,6.9,98.62346761,80,40.9,49.4,50.6,90.2,5.7,81.9,29.9,58.8,40.5,36.2,23.3,38.8,31,26.7,3.6
"Henderson, Gunnar",683002,2025,0.438,0.349,0.787,0.164,0.418,0.339,0.341,75.4,53.7,20.6,15.9,32.6,25.2,8.5,1,50.9,29.1,92.1,29.9,8.5,4.7,102.9365644,67.5,27.7,46,54,76.2,7.6,83.5,25.1,47.6,36.6,37.8,25.6,48.5,18.9,25.8,6.7
"Guerrero Jr., Vladimir",665489,2025,0.467,0.381,0.848,0.175,0.497,0.366,0.384,76.7,67.7,25.7,20.3,37,29.3,1.2,-4.4,30.5,27.4,92,33.7,12.2,6,104.847491,62.3,21.4,38.3,61.7,71.5,6.9,84.1,21.5,42.2,34.9,40.1,25.1,47.1,19.8,27.1,6
"Durbin, Caleb",702332,2025,0.387,0.334,0.721,0.131,0.357,0.319,0.311,67.9,1.9,7.9,7.2,37,33.3,8,-4,63.7,27.6,85.2,29.6,4,4.5,96.10090289,61.3,24.6,25.6,74.4,67.6,9.9,91.3,13,44.5,41.3,38.3,20.4,43.8,22.9,22.4,10.9
"Machado, Manny",592518,2025,0.46,0.335,0.795,0.185,0.486,0.341,0.355,74.5,43,22,16.5,35.4,26.6,7.6,-0.3,54.6,26.5,92.9,34.8,12.9,7.8,103.43453,70,29.9,43.7,56.3,81,8.5,81.4,26.1,50,35.6,39.3,25.2,38.9,29.2,24.9,7
"Cronenworth, Jake",630105,2025,0.377,0.367,0.744,0.131,0.346,0.333,0.318,70.9,15.5,11.9,9.7,30.2,24.6,7.4,-0.7,36.5,31.1,88.5,31.9,6.2,4.3,99.15448481,62.1,22.2,40.7,59.3,68.8,7.9,88.6,18.8,42.7,35.6,37.8,26.6,43,30,21.4,5.6
"Chourio, Jackson",694192,2025,0.463,0.308,0.771,0.193,0.415,0.328,0.305,73.9,40,18.7,14.3,34.3,26.3,7.1,1.4,57.7,26.4,89.3,34,9.7,6.7,101.1563496,70.4,36.9,44.3,55.7,79.6,7.4,83.9,26,53.4,34.3,38.4,27.4,42.8,25.7,24.1,7.4
"Chapman, Matt",656305,2025,0.43,0.34,0.77,0.199,0.416,0.336,0.341,75,50.8,18,13.7,30,22.8,5.6,-3.8,53.3,25.4,92.2,34,9.9,6.9,102.9366095,63.8,20.1,45.2,54.8,77.2,8.1,80.7,25.3,42.4,43.4,33.7,22.9,40.4,24.7,22.3,12.7
"Busch, Michael",683737,2025,0.523,0.343,0.866,0.262,0.541,0.369,0.379,69.6,7,17.4,13.1,38.4,28.9,16.3,-1.1,50.4,36.8,92.2,41.1,17.1,7.5,101.692646,68.5,23.1,54.5,45.5,77.8,8.5,84,25.1,46.8,44.2,32.8,23,36.2,37,23.5,3.4
"Winn, Masyn",691026,2025,0.363,0.31,0.673,0.11,0.341,0.297,0.286,71.1,17.3,11.7,9.5,31.2,25.4,5.5,-3.9,43.7,29.1,88.3,31.3,4.8,4.8,98.7973799,62.3,25.9,34.3,65.7,70.3,9,85.8,19.6,45.3,38.9,35.1,26,39.2,24.4,25.4,10.9
"Chisholm Jr., Jazz",665862,2025,0.481,0.332,0.813,0.239,0.478,0.349,0.348,73.9,41.8,16.3,11.2,29.6,20.4,15.8,-6.1,56.7,32.9,89,32.6,15,6,100.9387506,68.4,26.5,50.2,49.8,80.5,7.9,75,32.2,47.1,48.9,32.6,18.5,39.5,33.2,17.9,9.4
"Stott, Bryson",681082,2025,0.391,0.328,0.719,0.134,0.387,0.315,0.312,69.4,5.7,10.5,9,33.6,28.6,7.5,2.1,51.5,32.8,87.6,36,5.1,6.8,97.62570298,55.6,23.3,27.2,72.8,54.3,8,87.3,16.7,40.4,29.2,40.3,30.4,41.1,29.2,23.7,6
"Goodman, Hunter",696100,2025,0.52,0.323,0.843,0.242,0.454,0.359,0.322,74.4,42.7,16.3,11.5,30.9,21.7,13.4,-7.2,61.1,25.2,90.8,32.8,12.8,5.4,102.5999686,75.3,36.7,54.2,45.8,79.1,7.4,80.1,32,55,48.7,33.3,17.9,38.5,28.7,22.6,10.3
"Cruz, Oneil",665833,2025,0.378,0.298,0.676,0.178,0.414,0.295,0.322,78.8,78.5,24.8,16.8,32.2,21.8,9.2,-7.3,47.8,33.4,95.8,31.5,17.9,5,107.3079785,58.2,28.1,51.1,48.9,67.4,5.9,76.2,34,41.6,36.1,41.1,22.8,48.3,25.2,21.9,4.6
"Neto, Zach",687263,2025,0.474,0.319,0.793,0.217,0.486,0.337,0.343,71.4,13.3,18,13.1,36.6,26.6,18.1,-5.7,48.2,39,91,38,14,8.9,101.7759428,69.4,30.1,50.7,49.3,74.3,7,81.4,29.1,48.6,45.8,33.2,20.9,36.3,31.6,24.6,7.5
"Peña, Jeremy",665161,2025,0.477,0.363,0.84,0.173,0.425,0.363,0.333,72.3,15.7,19.9,14.8,40.6,30.2,10.9,-8.2,62.8,30.4,88.9,30,8.2,5.7,100.3500578,68.3,35.5,51.8,48.2,81.3,7.5,87.2,27.1,51,42.7,37.7,19.6,47.9,23.8,23.3,5
"Friedl, TJ",670770,2025,0.378,0.364,0.742,0.117,0.315,0.333,0.302,69.9,5.9,11.9,9.9,36.9,30.7,9.4,-7.8,59.6,28.3,87.1,33.4,2.7,4.2,97.48523642,58.3,18.1,44.7,55.3,70,8.3,90.1,17.5,39.2,45.2,36.2,18.6,42.3,21.6,25.8,10.4
"Diaz, Yainer",673237,2025,0.417,0.284,0.701,0.161,0.466,0.3,0.33,72.2,21.7,17.5,13.8,34.6,27.3,10.4,0.8,59.1,28.3,89.9,34.9,9.6,6.7,100.9774494,78.3,44.3,38.6,61.4,82.5,7.3,87.3,23.4,59.5,36.7,40.2,23.1,46,23.3,24.9,5.8
"Perdomo, Geraldo",672695,2025,0.462,0.389,0.851,0.172,0.42,0.37,0.357,68.3,4.6,10.2,9.1,36,32.3,7.4,-1.8,49.9,35.4,87.6,36.2,6.2,4.1,97.40304016,57,19.2,26.2,73.8,69.7,9,92.1,12,39.7,40.3,33.2,26.5,39.8,26.5,25.5,8.3
"Yastrzemski, Mike",573262,2025,0.403,0.333,0.736,0.17,0.408,0.321,0.328,71.2,9.6,13.9,11.6,34.7,29,11,-2.9,66.7,30.5,90.8,35.6,8.5,9,99.91934754,61.2,22,32.8,67.2,67.6,7.5,85.9,19,41.8,39.6,34.3,26.1,32.7,33.5,24.5,9.3
"Nootbaar, Lars",663457,2025,0.361,0.325,0.686,0.127,0.385,0.304,0.314,73.4,37.8,19.4,15.6,36,29,9.2,-3.1,55.4,28,91.3,33,10.2,7.4,101.9388184,56,22,41.7,58.3,66.5,8,87,20.9,39.4,33.8,39.3,26.9,37.8,26.1,25.4,10.7
"Ortiz, Joey",687401,2025,0.317,0.276,0.593,0.087,0.324,0.263,0.275,72.4,24.4,12.9,10.9,27.5,23.3,1.7,-1.8,33.3,27.8,84.9,27.4,3,3.5,97.99105805,57.8,33.3,29.9,70.1,65.6,8.1,90.6,16,46.8,29.6,38.1,32.3,45.5,18.7,22.4,13.4
"Sosa, Lenyn",672820,2025,0.434,0.293,0.727,0.17,0.461,0.313,0.326,72.6,26.3,16.2,12.7,34.4,26.9,10.5,0.5,55.4,32.6,90.7,39.2,10.4,6.8,100.9146683,61.5,40.9,37.2,62.8,60.4,7.5,86,23.5,51,36.2,38,25.8,32.2,29.6,29.1,9.1
"India, Jonathan",663697,2025,0.346,0.323,0.669,0.113,0.37,0.301,0.314,72,23.5,13.6,11.3,32.6,27.1,9.1,-4.6,61.3,28.2,87.9,33,5.8,6.9,99.0964623,58.1,18.6,47,53,62.4,8,87.3,19.9,40.3,48,29.2,22.8,38.1,29.7,22.1,10.2
"Springer, George",543807,2025,0.56,0.399,0.959,0.251,0.565,0.408,0.405,73.8,40.4,18.6,14,32.8,24.6,13.2,-0.4,58.1,35.2,90,41.2,16.1,6.4,102.4362881,71,20.4,47.6,52.4,86.7,8.5,79.6,26.1,46.2,39.9,36.6,23.5,37.9,28.4,25.6,8.4
"Rice, Ben",700250,2025,0.499,0.337,0.836,0.244,0.551,0.358,0.396,73.4,34.5,24,19.4,38.6,31.2,10.6,-6,56.8,33.2,93.3,39.3,15.4,8.7,104.1382382,65.5,21.2,44.2,55.8,74.8,7.6,86,21.2,43.3,44.4,34.4,21.1,39.8,28.5,24.9,6.8
"Langford, Wyatt",694671,2025,0.431,0.344,0.775,0.19,0.44,0.337,0.346,73.1,29,17.9,13.4,34.4,25.8,16.8,-3.1,48.6,33.7,91.4,35.9,14,6.1,102.3699667,63.8,23.4,50.7,49.3,76.4,6.9,83.2,26.3,43,43.1,33.8,23,35,30.6,26.8,7.6
"Torkelson, Spencer",679529,2025,0.456,0.333,0.789,0.216,0.452,0.339,0.335,73,26.4,15.2,11.5,30.7,23.1,13.5,-8,50,38,90.2,39.3,13.5,7.8,100.7921562,65.9,22.4,55.4,44.6,77.5,8.6,82.4,26.9,44.6,48.4,31.1,20.6,27.6,36.6,24.1,11.8
"Bichette, Bo",666182,2025,0.483,0.357,0.84,0.172,0.465,0.361,0.353,69.1,9.4,15.5,12.8,34.6,28.5,4.5,1.3,33.9,37.5,91,37.9,7.9,9.1,101.8190739,72.1,35.2,33.3,66.7,80.2,7.7,89.2,18.4,53.1,26.7,42.1,31.2,47.4,19.8,29.1,3.6
"Ramos, Heliot",671218,2025,0.4,0.328,0.728,0.144,0.41,0.319,0.32,74,44.7,18.2,13.9,32.7,25,6,1.5,47.2,31.5,91.8,32.5,8.8,7.9,102.5157559,66.2,29.7,46.4,53.6,73.5,8.5,84.4,25.3,47.8,33.1,42.5,24.4,44.4,25.4,24.4,5.8
"Arraez, Luis",650333,2025,0.392,0.327,0.719,0.1,0.357,0.313,0.301,62.6,0.4,2.2,2.1,45,42.6,5.6,4.6,40.2,37.4,86.1,37.1,1.1,1.9,93.59025906,62.7,34.1,7.7,92.3,69.4,9,95.8,5.3,49.4,29.4,32.4,38.2,45.1,22.5,28,4.4
"Langeliers, Shea",669127,2025,0.536,0.325,0.861,0.259,0.455,0.364,0.328,73.8,39.6,18.7,14.2,32.4,24.5,11.5,-3.1,61.5,30.3,90.8,33.2,11,8.1,102.4606193,73,32.1,45.3,54.7,75.2,7.7,83.9,25.1,52.4,41,37.6,21.4,37.3,29,25.3,8.4
"McMahon, Ryan",641857,2025,0.381,0.312,0.693,0.167,0.418,0.306,0.324,74,40.1,17,11.4,31.3,21,13.1,0.9,47.5,38.8,93.3,35.3,12.1,7.4,102.8563119,64.7,25,62.3,37.7,74.7,7.4,74.8,35.2,45.4,41.2,39.3,19.5,43.3,30.7,22.9,3.1
"Schanuel, Nolan",694384,2025,0.389,0.353,0.742,0.125,0.381,0.327,0.326,67.5,6.1,9.4,8,37.9,32.4,8.6,-1,46.2,38.5,87.5,38,4.5,5.2,96.61346119,65.4,24,32.1,67.9,80.4,7.8,91,15,45.2,38.7,38,23.3,42.9,25,26.9,5.2
"Realmuto, J.T.",592663,2025,0.384,0.315,0.699,0.127,0.404,0.307,0.315,72,26.3,15,11.5,30.4,23.4,12.4,1,52.8,34.2,90,36.7,8.8,6.1,101.2547216,65.6,32.3,43.2,56.8,71.1,7.6,85.4,24.3,48.6,38.8,35.6,25.5,44.7,23.7,25.8,5.9
"Perez, Salvador",521692,2025,0.446,0.284,0.73,0.21,0.522,0.311,0.356,72.9,30.5,17.7,13.2,32.7,24.5,12.4,-5.4,56.2,34.2,90,35.7,14.8,7.4,102.0659079,74.8,42.4,41.6,58.4,75,7.6,82.7,26.9,57.4,45.9,33.2,20.9,35.1,32.6,23.3,9.1
"Doyle, Brenton",686668,2025,0.376,0.274,0.65,0.143,0.401,0.282,0.298,70.8,6.3,15.8,11.5,36.5,26.5,11.5,0.6,64.6,30.3,89.9,33,10.8,7.3,101.0040096,71,30.1,55.9,44.1,80.4,8.3,81.6,29.7,50.4,40,37.8,22.2,46.5,25.9,23,4.6
"O'Hearn, Ryan",656811,2025,0.437,0.366,0.803,0.156,0.424,0.349,0.343,71.8,17.8,14.3,11.2,32.8,25.7,11.2,1.7,43.3,33.4,89.4,38.2,7.6,7,99.56635745,66.8,26.8,42.1,57.9,79.6,7.3,84.3,23.3,46.8,36,37.1,26.8,45,25.7,24.1,5.1
"Wood, James",695578,2025,0.475,0.35,0.825,0.219,0.485,0.353,0.361,76,62.7,22.7,15.9,33.6,23.5,11.1,1.9,41.9,39.7,94.3,36.3,16.3,7.4,106.4462598,55.8,24.2,56.1,43.9,66.1,7.6,76.9,32.9,40.2,29.7,42.9,27.4,49.7,21.3,27.6,1.3
"McCutchen, Andrew",457705,2025,0.367,0.333,0.7,0.128,0.41,0.309,0.334,71.1,12.1,14.1,10.7,31.4,23.8,14.6,-0.8,53.2,34.5,89.5,34.5,8.3,6.6,100.1242433,69,20.7,50,50,87.9,6.9,80.5,26.2,45.6,46.7,33.1,20.2,42.3,27.1,22.7,8
"Hernández, Teoscar",606192,2025,0.454,0.284,0.738,0.207,0.44,0.315,0.32,72.9,31,18.5,12.9,34.7,24.2,10.4,-0.1,54.4,31.9,90.2,34,11.5,8.4,101.7528878,68.5,30,55.5,44.5,77.8,8.8,77.2,31.9,50.4,35.9,37.7,26.4,45.3,27.7,23,3.9
"Lowe, Brandon",664040,2025,0.477,0.307,0.784,0.221,0.475,0.334,0.337,73.9,40.4,15.7,11,30,21,14.8,-2.6,48.7,33.5,91.1,37.6,12.9,6.3,101.9910602,77.6,32.1,58.7,41.3,87.1,8,76.6,33.4,55.5,45.6,30.8,23.6,37.9,29.7,25.8,6.6
"Contreras, Willson",575929,2025,0.447,0.344,0.791,0.19,0.481,0.344,0.358,76,62.1,18.3,13.2,29.1,21,9.4,-1.8,47.3,32.8,90.6,37.1,13.9,7.1,103.1539365,66.3,30.1,50.3,49.7,81.2,7.1,80.5,28.9,48.5,37.7,38,24.4,41.9,28,25.8,4.2
"De La Cruz, Elly",682829,2025,0.44,0.336,0.776,0.176,0.42,0.333,0.323,74.5,45,20.4,14.1,34.4,23.8,8.3,-0.3,49.5,33.7,91,32.5,10.2,4.9,102.2911767,64.1,28.5,53,47,75.3,6.9,78.5,31.7,45.7,36.5,37.2,26.3,51.2,20.9,22.7,5.1
"Vargas, Miguel",678246,2025,0.401,0.316,0.717,0.167,0.395,0.314,0.316,70.6,11.7,13.2,10.9,36,29.6,11.9,-3,64.6,35.4,89.7,36.6,9.3,7.6,99.54576118,69.3,21.6,35.5,64.5,85.3,8.5,83.8,20.6,46.2,40.5,36.1,23.3,29,35.1,25.3,10.6
"Burleson, Alec",676475,2025,0.459,0.343,0.802,0.169,0.458,0.346,0.342,72.4,29.2,18.7,15.8,39.1,32.9,10,0.3,57.5,31.8,91,34,9.5,7.6,101.3864843,69.5,28.8,29.7,70.3,74.5,7.9,86.9,17.9,49.3,33.6,40.4,26,40.2,28.8,24.1,6.9
"Soderstrom, Tyler",691016,2025,0.474,0.346,0.82,0.198,0.449,0.354,0.341,74,38.1,20.9,15.9,33.1,25.2,9.6,1.2,50.2,30.6,91.6,34.4,11.4,6.9,103.0236771,68.3,28.7,47.9,52.1,80.9,7.8,83.8,25.4,48.9,33.2,38.4,28.4,48.3,23.5,24.6,3.6
"Reynolds, Bryan",668804,2025,0.402,0.318,0.72,0.157,0.444,0.315,0.339,72.2,22.8,16.4,12,32.9,24.1,13,1.1,47,37.9,91.2,38.4,10.1,9.1,101.9325352,73.4,26,57.1,42.9,83.8,8,80.5,29.4,49.6,41.2,34.8,24,47.2,23.5,28.3,1
"Díaz, Yandy",650490,2025,0.482,0.366,0.848,0.182,0.453,0.364,0.354,73.6,35.4,23.9,19.8,36.5,30.2,2.9,7,35.3,24.4,93,29.2,8.3,7.9,104.8370079,63.7,23.9,31,69,78.4,7.9,86.9,17.9,44.4,25,41.7,33.3,54,20,22.4,3.6
"Edwards, Xavier",669364,2025,0.353,0.343,0.696,0.07,0.329,0.308,0.294,66.9,2.4,6.7,6,35.7,31.5,2.7,2.4,34.2,31.1,86.8,33.6,0.8,3.3,96.76842456,69.1,26.8,23.4,76.6,86.8,8.4,91.8,12.2,49,28.8,40.7,30.5,49.3,20.3,26.3,4.2
"Holliday, Jackson",702616,2025,0.375,0.314,0.689,0.133,0.396,0.304,0.314,70.6,10.7,15,11.6,35.1,27.2,8.3,5.6,52.8,31.9,88.8,32.4,7.8,6.5,99.64293523,68.3,22.3,46.4,53.6,79,8.6,81.6,24.5,47.1,33.8,39.8,26.4,49,25.1,21.9,4
"Caminero, Junior",691406,2025,0.535,0.311,0.846,0.271,0.491,0.357,0.345,78.6,81.3,22.2,17.2,28.9,22.3,8,-5.3,59.7,26.2,92.4,27.7,14,5.6,104.4675887,69.5,32.2,38.9,61.1,76.7,7.2,82.1,24.7,50.4,44.4,36.6,19,46.7,25.8,19,8.5
"García Jr., Luis",671277,2025,0.412,0.289,0.701,0.16,0.458,0.3,0.336,72.4,28,18,14.6,37.6,30.4,10.7,-2.6,62.4,28.6,90.2,33.7,9,7.5,100.7728447,71.4,37.9,39.8,60.2,76.4,6.7,88.8,21.7,53.9,38,41.4,20.6,45.5,24.5,24.5,5.6
"Lux, Gavin",666158,2025,0.374,0.35,0.724,0.105,0.328,0.322,0.296,69.6,5.1,12,9.8,34.5,28,11.3,2.5,45.4,33.3,88.3,38.1,3.6,6.6,97.79903347,65.1,19.5,48.5,51.5,80.9,6.6,86.2,21.6,42.7,39,40.5,20.4,47.1,22.5,27.6,2.7
"Buxton, Byron",621439,2025,0.551,0.327,0.878,0.287,0.503,0.367,0.349,75,50.5,20.3,14.5,31.9,22.7,14.1,-6.2,57.9,34,92.5,32.9,17.6,6.1,103.649871,74.1,29.4,58.9,41.1,86.5,7.7,79.6,31.3,51.8,48.8,33.2,17.9,36.7,34.7,21.4,7.2
"McKinstry, Zach",656716,2025,0.438,0.333,0.771,0.179,0.35,0.333,0.304,67.5,1.9,9,7,30.9,24.1,9.9,1.4,43.1,37.4,85.7,41.2,6.1,4.9,96.98564809,65.5,26.4,40.7,59.3,80.9,7.5,83.8,22.8,46.7,43.2,31.4,25.4,40.9,24.5,29.1,5.5
"Story, Trevor",596115,2025,0.433,0.308,0.741,0.17,0.413,0.32,0.31,71.1,14.2,16.4,11.6,31.2,22,10.5,-4.5,46.2,29.4,91.4,32.6,9.8,7.5,102.41894,72.3,35.3,54.3,45.7,78.9,8.5,82.1,29.3,54.4,37.4,34.7,27.9,43.6,27.4,20.5,8.4
"Greene, Riley",682985,2025,0.493,0.313,0.806,0.235,0.49,0.343,0.336,75.6,57.2,15.1,10.4,24.6,17,13.9,1.2,43.6,44.6,89.9,36.9,17.1,5,102.5736836,73.6,31.2,48,52,85.7,7.2,76.2,30.9,52.6,40.8,32.9,26.2,40.8,31.7,22.3,5.2
"Meidroth, Chase",805367,2025,0.32,0.329,0.649,0.067,0.325,0.294,0.297,67.4,1.6,12,10.7,44.1,39.3,6.7,2.1,48.7,29.4,88.2,26.2,1.6,4.5,97.68678144,52.8,22.4,23.5,76.5,52.6,9.5,91,13,38.6,33.5,38.2,28.3,53.9,18.3,22,5.8
